port	date	TEU	tons	LP_mix	TEU_term	LP_term_avg	LP_term_wavg	L_hours	tons_tonsopt	TEU_teuopt	LP_port
Ashdod	2008-01-01	60353.0	789324.0						789.324	60353.0	
Ashdod	2008-02-01	70824.0	967407.0						967.407	70824.0	
Ashdod	2008-03-01	71390.0	1331155.0						1331.155	71390.0	
Ashdod	2008-04-01	66996.0	1169886.0						1169.886	66996.0	
Ashdod	2008-05-01	67275.0	1214213.0						1214.213	67275.0	
Ashdod	2008-06-01	62796.0	1225146.0						1225.146	62796.0	
Ashdod	2008-07-01	74263.0	1488748.0						1488.748	74263.0	
Ashdod	2008-08-01	59704.0	1447610.0						1447.61	59704.0	
Ashdod	2008-09-01	60414.0	1232531.0						1232.531	60414.0	
Ashdod	2008-10-01	81383.0	1254503.0						1254.503	81383.0	
Ashdod	2008-11-01	78682.0	1408462.0						1408.462	78682.0	
Ashdod	2008-12-01	73840.0	1386282.0						1386.282	73840.0	
Ashdod	2010-01-01	81756.0	1487386.0						1487.386	81756.0	
Ashdod	2010-02-01	83970.0	1507974.0						1507.974	83970.0	
Ashdod	2010-03-01	94434.0	1677514.0						1677.514	94434.0	
Ashdod	2010-04-01	89477.0	1634874.0						1634.874	89477.0	
Ashdod	2010-05-01	90051.0	1653914.0						1653.914	90051.0	
Ashdod	2010-06-01	86733.0	1640101.0						1640.101	86733.0	
Ashdod	2010-07-01	83713.0	1443589.0						1443.589	83713.0	
Ashdod	2010-08-01	79168.0	1589659.0						1589.659	79168.0	
Ashdod	2010-09-01	69693.0	1201755.0						1201.755	69693.0	
Ashdod	2010-10-01	82483.0	1581262.0						1581.262	82483.0	
Ashdod	2010-11-01	88697.0	1548865.0						1548.865	88697.0	
Ashdod	2010-12-01	87407.0	1568111.0						1568.111	87407.0	
Ashdod	2011-01-01	87399.0	1448705.2000000002						1448.7052	87399.0	
Ashdod	2011-02-01	94697.0	1526429.2						1526.4292	94697.0	
Ashdod	2011-03-01	115191.0	1992598.4						1992.5984	115191.0	
Ashdod	2011-04-01	105157.0	1612125.1						1612.1251	105157.0	
Ashdod	2011-05-01	89491.0	1639217.7999999998						1639.2178	89491.0	
Ashdod	2011-06-01	107759.0	1607785.6						1607.7856	107759.0	
Ashdod	2011-07-01	94530.0	1577841.4						1577.8414	94530.0	
Ashdod	2011-08-01	102746.0	1750676.8						1750.6768	102746.0	
Ashdod	2011-09-01	89843.0	1464863.9						1464.8639	89843.0	
Ashdod	2011-10-01	92240.0	1552159.1						1552.1591	92240.0	
Ashdod	2011-11-01	87058.0	1478645.5						1478.6455	87058.0	
Ashdod	2011-12-01	93992.0	1564385.8						1564.3858	93992.0	
Ashdod	2012-01-01	97707.0	1654667.0						1654.667	97707.0	
Ashdod	2012-02-01	86667.0	1303313.7						1303.3137	86667.0	
Ashdod	2012-03-01	103621.0	1624453.2						1624.4532	103621.0	
Ashdod	2012-04-01	106083.0	1735597.7						1735.5977	106083.0	
Ashdod	2012-05-01	111086.0	1934621.9						1934.6219	111086.0	
Ashdod	2012-06-01	100854.0	1653757.6						1653.7576	100854.0	
Ashdod	2012-07-01	110748.0	1885340.9						1885.3409	110748.0	
Ashdod	2012-08-01	97918.0	1937916.4						1937.9164	97918.0	
Ashdod	2012-09-01	82517.0	1377041.3						1377.0413	82517.0	
Ashdod	2012-10-01	97414.0	1616420.7						1616.4207	97414.0	
Ashdod	2012-11-01	85932.0	1380159.2						1380.1592	85932.0	
Ashdod	2012-12-01	89904.0	1511124.8						1511.1248	89904.0	
Ashdod	2013-01-01	89926.0	1484351.7999999998						1484.3518	89926.0	
Ashdod	2013-02-01	96528.0	1608608.4						1608.6084	96528.0	
Ashdod	2013-03-01	91882.0	1513049.9						1513.0499	91882.0	
Ashdod	2013-04-01	104279.0	1760986.7						1760.9867	104279.0	
Ashdod	2013-05-01	111714.0	1807982.1						1807.9821	111714.0	
Ashdod	2013-06-01	101692.0	1711845.8						1711.8458	101692.0	
Ashdod	2013-07-01	108589.0	1821023.7						1821.0237	108589.0	
Ashdod	2013-08-01	107306.0	1579696.3						1579.6963	107306.0	
Ashdod	2013-09-01	85071.0	1322822.7						1322.8227	85071.0	
Ashdod	2013-10-01	101386.0	1568714.3						1568.7143	101386.0	
Ashdod	2013-11-01	89345.0	1530275.5						1530.2755	89345.0	
Ashdod	2013-12-01	93950.0	1504203.1						1504.2031	93950.0	
Ashdod	2014-01-01	107357.0	1920064.883						1920.064883	107357.0	
Ashdod	2014-02-01	108099.0	1837724.096						1837.724096	108099.0	
Ashdod	2014-03-01	102626.0	1921768.161						1921.768161	102626.0	
Ashdod	2014-04-01	93827.0	1454077.0480000002						1454.077048	93827.0	
Ashdod	2014-05-01	109065.0	1832208.221						1832.208221	109065.0	
Ashdod	2014-06-01	116241.0	1814163.901						1814.163901	116241.0	
Ashdod	2014-07-01	100992.0	1669554.369						1669.554369	100992.0	
Ashdod	2014-08-01	100807.0	1855631.205						1855.631205	100807.0	
Ashdod	2014-09-01	100582.0	1830413.568						1830.413568	100582.0	
Ashdod	2014-10-01	98121.0	1705707.701						1705.707701	98121.0	
Ashdod	2014-11-01	97901.0	1659022.872						1659.022872	97901.0	
Ashdod	2014-12-01	114088.0	2054402.677						2054.402677	114088.0	
Ashdod	2015-01-01	96537.0	1752376.553						1752.376553	96537.0	
Ashdod	2015-02-01	87184.0	1546442.546						1546.442546	87184.0	
Ashdod	2015-03-01	122441.0	2052655.45						2052.65545	122441.0	
Ashdod	2015-04-01	107726.0	1594157.53						1594.15753	107726.0	
Ashdod	2015-05-01	110275.0	1938223.863						1938.223863	110275.0	
Ashdod	2015-06-01	122463.0	2029901.66						2029.90166	122463.0	
Ashdod	2015-07-01	116615.0	1931978.133						1931.978133	116615.0	
Ashdod	2015-08-01	115750.0	1944713.443						1944.713443	115750.0	
Ashdod	2015-09-01	95846.0	1667770.489						1667.770489	95846.0	
Ashdod	2015-10-01	114184.0	1884551.243						1884.551243	114184.0	
Ashdod	2015-11-01	104993.0	1913449.846						1913.449846	104993.0	
Ashdod	2015-12-01	112753.0	2017264.096						2017.264096	112753.0	
Ashdod	2016-01-01	107585.0	1850074.737						1850.074737	107585.0	
Ashdod	2016-02-01	118541.0	1876305.293						1876.305293	118541.0	
Ashdod	2016-03-01	127047.0	2190340.875						2190.340875	127047.0	
Ashdod	2016-04-01	113170.0	1900095.204						1900.095204	113170.0	
Ashdod	2016-05-01	134577.0	2343729.806						2343.729806	134577.0	
Ashdod	2016-06-01	124959.0	2160076.032						2160.076032	124959.0	
Ashdod	2016-07-01	132733.0	1969651.699						1969.651699	132733.0	
Ashdod	2016-08-01	135287.0	2200069.23						2200.06923	135287.0	
Ashdod	2016-09-01	119528.0	2060654.845						2060.654845	119528.0	
Ashdod	2016-10-01	95417.0	1535362.4						1535.3624	95417.0	
Ashdod	2016-11-01	120578.0	2083301.0						2083.301	120578.0	
Ashdod	2016-12-01	113654.0	1916756.8						1916.7568	113654.0	
Ashdod	2017-01-01	126983.0	2046010.3						2046.0103	126983.0	
Ashdod	2017-02-01	117643.0	1859265.8						1859.2658	117643.0	
Ashdod	2017-03-01	126787.0	2044830.4						2044.8304	126787.0	
Ashdod	2017-04-01	121339.0	1860419.625						1860.419625	121339.0	
Ashdod	2017-05-01	139737.0	2052046.3						2052.0463	139737.0	
Ashdod	2017-06-01	140987.0	1974351.0						1974.351	140987.0	
Ashdod	2017-07-01	133204.0	2107158.249						2107.158249	133204.0	
Ashdod	2017-08-01	130595.0	2045322.711						2045.322711	130595.0	
Ashdod	2017-09-01	115407.0	1813764.76						1813.76476	115407.0	
Ashdod	2017-10-01	122074.0	1845309.195						1845.309195	122074.0	
Ashdod	2017-11-01	123967.0	2051298.147						2051.298147	123967.0	
Ashdod	2017-12-01	126749.0	1884772.599						1884.772599	126749.0	
Ashdod	2018-01-01	121784.0	2003195.046		121784.0		0.0	41.0	2003.195046	121784.0	0.0
Ashdod	2018-02-01	108885.0	1853087.047		108885.0		0.0	41.0	1853.087047	108885.0	0.0
Ashdod	2018-03-01	122666.0	1899461.314		122666.0		0.0	41.0	1899.461314	122666.0	0.0
Ashdod	2018-04-01	117145.0	1925889.287		117145.0		0.0	41.0	1925.889287	117145.0	0.0
Ashdod	2018-05-01	109438.0	1982586.069		109438.0		0.0	41.0	1982.586069	109438.0	0.0
Ashdod	2018-06-01	132217.0	1971086.063		132217.0		0.0	41.0	1971.086063	132217.0	0.0
Ashdod	2018-07-01	142318.0	2204184.377		142318.0		0.0	41.0	2204.184377	142318.0	0.0
Ashdod	2018-08-01	136641.0	2189938.196		136641.0		0.0	41.0	2189.938196	136641.0	0.0
Ashdod	2018-09-01	95956.0	1524789.63		95956.0		0.0	41.0	1524.78963	95956.0	0.0
Ashdod	2018-10-01	137108.0	2025302.49		137108.0		0.0	41.0	2025.30249	137108.0	0.0
Ashdod	2018-11-01	130572.0	2055397.323		130572.0		0.0	41.0	2055.397323	130572.0	0.0
Ashdod	2018-12-01	122481.0	1840130.271		122481.0		0.0	41.0	1840.130271	122481.0	0.0
Ashdod	2019-01-01	122983.0	1957516.591		122983.0		0.0	42.0	1957.516591	122983.0	0.0
Ashdod	2019-02-01	134800.0	1858875.069		134800.0		0.0	42.0	1858.875069	134800.0	0.0
Ashdod	2019-03-01	117963.0	1896987.78		117963.0		0.0	42.0	1896.98778	117963.0	0.0
Ashdod	2019-04-01	134523.0	2000467.108		134523.0		0.0	42.0	2000.467108	134523.0	0.0
Ashdod	2019-05-01	129557.0	2054487.8950000005		129557.0		0.0	42.0	2054.487895	129557.0	0.0
Ashdod	2019-06-01	138893.0	1958733.971		138893.0		0.0	42.0	1958.733971	138893.0	0.0
Ashdod	2019-07-01	149568.0	2197893.836		149568.0		0.0	42.0	2197.893836	149568.0	0.0
Ashdod	2019-08-01	132240.0	2181836.7509999997		132240.0		0.0	42.0	2181.836751	132240.0	0.0
Ashdod	2019-09-01	127738.0	1892738.77		127738.0		0.0	42.0	1892.73877	127738.0	0.0
Ashdod	2019-10-01	113143.0	1792693.28		113143.0		0.0	42.0	1792.69328	113143.0	0.0
Ashdod	2019-11-01	119108.0	1982382.752		119108.0		0.0	42.0	1982.382752	119108.0	0.0
Ashdod	2019-12-01	117080.0	1815306.523		117080.0		0.0	42.0	1815.306523	117080.0	0.0
Ashdod	2020-01-01	118457.0	1835242.1		118457.0		0.0	39.0	1835.2421	118457.0	0.0
Ashdod	2020-02-01	125794.0	1933438.078		125794.0		0.0	39.0	1933.438078	125794.0	0.0
Ashdod	2020-03-01	119175.0	1856792.117		119175.0		0.0	39.0	1856.792117	119175.0	0.0
Ashdod	2020-04-01	114099.0	1850266.505		114099.0		0.0	39.0	1850.266505	114099.0	0.0
Ashdod	2020-05-01	121426.0	1997070.614		121426.0		0.0	39.0	1997.070614	121426.0	0.0
Ashdod	2020-06-01	136483.0	2044783.716		136483.0		0.0	39.0	2044.783716	136483.0	0.0
Ashdod	2020-07-01	143321.0	2081313.428		143321.0		0.0	39.0	2081.313428	143321.0	0.0
Ashdod	2020-08-01	145353.0	2099862.499		145353.0		0.0	39.0	2099.862499	145353.0	0.0
Ashdod	2020-09-01	136085.0	1946341.8		136085.0		0.0	39.0	1946.3418	136085.0	0.0
Ashdod	2020-10-01	144608.0	2106747.689		144608.0		0.0	39.0	2106.747689	144608.0	0.0
Ashdod	2020-11-01	138073.0	2089987.8		138073.0		0.0	39.0	2089.9878	138073.0	0.0
Ashdod	2020-12-01	141625.0	2131800.0379999997		141625.0		0.0	39.0	2131.800038	141625.0	0.0
Ashdod	2021-01-01	133397.0	1978636.9		133397.0		0.0	70.2	1978.6369	133397.0	0.0
Ashdod	2021-02-01	119323.0	1874818.0		119323.0		0.0	70.2	1874.818	119323.0	0.0
Ashdod	2021-03-01	136831.0	2055116.9		136831.0		0.0	70.2	2055.1169	136831.0	0.0
Ashdod	2021-04-01	130945.0	1879225.8		130945.0		0.0	70.2	1879.2258	130945.0	0.0
Ashdod	2021-05-01	139946.0	1939299.0		139946.0		0.0	70.2	1939.299	139946.0	0.0
Ashdod	2021-06-01	145913.0	2051865.6		145913.0		0.0	70.2	2051.8656	145913.0	0.0
Ashdod	2021-07-01	153786.91187909237	1922524.0		153786.91187909237		0.0	70.2	1922.524	150512.0	0.0
Ashdod	2021-08-01	312016.4296158592	2207186.2		312016.4296158592		0.0	70.2	2207.1862	152686.0	0.0
Ashdod	2021-08-01	312016.4296158592	9638.2		312016.4296158592		0.0	70.2	2207.1862	152686.0	0.0
Ashdod	2021-08-01	312016.4296158592	2207186.2		312016.4296158592		0.0	70.2	2207.1862	152686.0	0.0
Ashdod	2021-08-01	312016.4296158592	9638.2		312016.4296158592		0.0	70.2	2207.1862	152686.0	0.0
Ashdod	2021-09-01	215302.90274090163	1624674.2		215302.90274090163		0.0	70.2	1624.6742	105359.0	0.0
Ashdod	2021-09-01	215302.90274090163	8030.799999999999		215302.90274090163		0.0	70.2	1624.6742	105359.0	0.0
Ashdod	2021-09-01	215302.90274090163	1624674.2		215302.90274090163		0.0	70.2	1624.6742	105359.0	0.0
Ashdod	2021-09-01	215302.90274090163	8030.799999999999		215302.90274090163		0.0	70.2	1624.6742	105359.0	0.0
Ashdod	2021-10-01	273654.53528571076	1923009.5		273654.53528571076		0.0	70.2	1923.0095	136624.0	0.0
Ashdod	2021-10-01	273654.53528571076	9805.0		273654.53528571076		0.0	70.2	1923.0095	136624.0	0.0
Ashdod	2021-10-01	273654.53528571076	1923009.5		273654.53528571076		0.0	70.2	1923.0095	136624.0	0.0
Ashdod	2021-10-01	273654.53528571076	9805.0		273654.53528571076		0.0	70.2	1923.0095	136624.0	0.0
Ashdod	2021-11-01	276848.13609785447	2204187.1999999997		276848.13609785447		0.0	70.2	2204.1872		0.0
Ashdod	2021-11-01	276848.13609785447	8845.2		276848.13609785447		0.0	70.2	2204.1872		0.0
Ashdod	2021-11-01	276848.13609785447	2204187.1999999997		276848.13609785447		0.0	70.2	2204.1872		0.0
Ashdod	2021-11-01	276848.13609785447	8845.2		276848.13609785447		0.0	70.2	2204.1872		0.0
Ashdod	2021-12-01	276848.13609785447	1927213.6		276848.13609785447		0.0	70.2	1927.2136		0.0
Ashdod	2021-12-01	276848.13609785447	12496.4		276848.13609785447		0.0	70.2	1927.2136		0.0
Ashdod	2021-12-01	276848.13609785447	1927213.6		276848.13609785447		0.0	70.2	1927.2136		0.0
Ashdod	2021-12-01	276848.13609785447	12496.4		276848.13609785447		0.0	70.2	1927.2136		0.0
Ashdod	2022-01-01	254642.16718677903	1721866.8		254642.16718677903		0.0	66.6	1721.8668		0.0
Ashdod	2022-01-01	254642.16718677903	12510.18		254642.16718677903		0.0	66.6	1721.8668		0.0
Ashdod	2022-01-01	254642.16718677903	1721866.8		254642.16718677903		0.0	66.6	1721.8668		0.0
Ashdod	2022-01-01	254642.16718677903	12510.18		254642.16718677903		0.0	66.6	1721.8668		0.0
Ashdod	2022-02-01	254642.16718677903	1906141.4		254642.16718677903		0.0	66.6	1906.1414		0.0
Ashdod	2022-02-01	254642.16718677903	16968.18		254642.16718677903		0.0	66.6	1906.1414		0.0
Ashdod	2022-02-01	254642.16718677903	1906141.4		254642.16718677903		0.0	66.6	1906.1414		0.0
Ashdod	2022-02-01	254642.16718677903	16968.18		254642.16718677903		0.0	66.6	1906.1414		0.0
Ashdod	2022-03-01	254642.16718677903	2069856.9		254642.16718677903		0.0	66.6	2069.8569		0.0
Ashdod	2022-03-01	254642.16718677903	14723.4		254642.16718677903		0.0	66.6	2069.8569		0.0
Ashdod	2022-03-01	254642.16718677903	2069856.9		254642.16718677903		0.0	66.6	2069.8569		0.0
Ashdod	2022-03-01	254642.16718677903	14723.4		254642.16718677903		0.0	66.6	2069.8569		0.0
Ashdod	2022-04-01	268435.98443703866	1853583.6		268435.98443703866		0.0	66.6	1853.5836		0.0
Ashdod	2022-04-01	268435.98443703866	23690.2		268435.98443703866		0.0	66.6	1853.5836		0.0
Ashdod	2022-04-01	268435.98443703866	1853583.6		268435.98443703866		0.0	66.6	1853.5836		0.0
Ashdod	2022-04-01	268435.98443703866	23690.2		268435.98443703866		0.0	66.6	1853.5836		0.0
Ashdod	2022-05-01	268435.98443703866	2106472.8		268435.98443703866		0.0	66.6	2106.4728		0.0
Ashdod	2022-05-01	268435.98443703866	56551.6		268435.98443703866		0.0	66.6	2106.4728		0.0
Ashdod	2022-05-01	268435.98443703866	2106472.8		268435.98443703866		0.0	66.6	2106.4728		0.0
Ashdod	2022-05-01	268435.98443703866	56551.6		268435.98443703866		0.0	66.6	2106.4728		0.0
Ashdod	2022-06-01	268435.98443703866	1862577.5		268435.98443703866		0.0	66.6	1862.5775		0.0
Ashdod	2022-06-01	268435.98443703866	65319.074		268435.98443703866		0.0	66.6	1862.5775		0.0
Ashdod	2022-06-01	268435.98443703866	1862577.5		268435.98443703866		0.0	66.6	1862.5775		0.0
Ashdod	2022-06-01	268435.98443703866	65319.074		268435.98443703866		0.0	66.6	1862.5775		0.0
Ashdod	2022-07-01	296267.89334081305	1773857.1		296267.89334081305		0.0	66.6	1773.8571		0.0
Ashdod	2022-07-01	296267.89334081305	114924.8		296267.89334081305		0.0	66.6	1773.8571		0.0
Ashdod	2022-07-01	296267.89334081305	1773857.1		296267.89334081305		0.0	66.6	1773.8571		0.0
Ashdod	2022-07-01	296267.89334081305	114924.8		296267.89334081305		0.0	66.6	1773.8571		0.0
Ashdod	2022-08-01		1982143.7					66.6	1982.1437		
Ashdod	2022-08-01		140682.368					66.6	1982.1437		
Ashdod	2022-08-01		1982143.7					66.6	1982.1437		
Ashdod	2022-08-01		140682.368					66.6	1982.1437		
Ashdod	2022-09-01	592535.7866816261	1612166.0		592535.7866816261		0.0	66.6	1612.166		0.0
Ashdod	2022-09-01	592535.7866816261	200778.11		592535.7866816261		0.0	66.6	1612.166		0.0
Ashdod	2022-09-01	592535.7866816261	1612166.0		592535.7866816261		0.0	66.6	1612.166		0.0
Ashdod	2022-09-01	592535.7866816261	200778.11		592535.7866816261		0.0	66.6	1612.166		0.0
Ashdod	2022-10-01		1478682.1					66.6	1478.6821		
Ashdod	2022-10-01		130114.5656					66.6	1478.6821		
Ashdod	2022-10-01		1478682.1					66.6	1478.6821		
Ashdod	2022-10-01		130114.5656					66.6	1478.6821		
Ashdod	2022-11-01		1613172.0					66.6	1613.172		
Ashdod	2022-11-01		241208.515					66.6	1613.172		
Ashdod	2022-11-01		1613172.0					66.6	1613.172		
Ashdod	2022-11-01		241208.515					66.6	1613.172		
Ashdod	2022-12-01	783644.5283437005	1754065.1		783644.5283437005		0.0	66.6	1754.0651		0.0
Ashdod	2022-12-01	783644.5283437005	187668.07		783644.5283437005		0.0	66.6	1754.0651		0.0
Ashdod	2022-12-01	783644.5283437005	1754065.1		783644.5283437005		0.0	66.6	1754.0651		0.0
Ashdod	2022-12-01	783644.5283437005	187668.07		783644.5283437005		0.0	66.6	1754.0651		0.0
Ashdod	2023-01-01		1812451.1					63.0	1812.4511		
Ashdod	2023-01-01		258278.23665					63.0	1812.4511		
Ashdod	2023-01-01		1812451.1					63.0	1812.4511		
Ashdod	2023-01-01		258278.23665					63.0	1812.4511		
Ashdod	2023-02-01		1508859.5					63.0	1508.8595		
Ashdod	2023-02-01		283199.840693					63.0	1508.8595		
Ashdod	2023-02-01		1508859.5					63.0	1508.8595		
Ashdod	2023-02-01		283199.840693					63.0	1508.8595		
Ashdod	2023-03-01	782231.9999999999	1710729.4		782231.9999999999		0.0	63.0	1710.7294		0.0
Ashdod	2023-03-01	782231.9999999999	278018.026541		782231.9999999999		0.0	63.0	1710.7294		0.0
Ashdod	2023-03-01	782231.9999999999	1710729.4		782231.9999999999		0.0	63.0	1710.7294		0.0
Ashdod	2023-03-01	782231.9999999999	278018.026541		782231.9999999999		0.0	63.0	1710.7294		0.0
Ashdod	2023-04-01		1328739.8					63.0	1328.7398		
Ashdod	2023-04-01		391020.456997					63.0	1328.7398		
Ashdod	2023-04-01		1328739.8					63.0	1328.7398		
Ashdod	2023-04-01		391020.456997					63.0	1328.7398		
Ashdod	2023-05-01		1703804.9					63.0	1703.8049		
Ashdod	2023-05-01		534109.988779999					63.0	1703.8049		
Ashdod	2023-05-01		1703804.9					63.0	1703.8049		
Ashdod	2023-05-01		534109.988779999					63.0	1703.8049		
Ashdod	2023-06-01	882299.5	1825308.2		882299.5		0.0	63.0	1825.3082		0.0
Ashdod	2023-06-01	882299.5	515324.783153		882299.5		0.0	63.0	1825.3082		0.0
Ashdod	2023-06-01	882299.5	1825308.2		882299.5		0.0	63.0	1825.3082		0.0
Ashdod	2023-06-01	882299.5	515324.783153		882299.5		0.0	63.0	1825.3082		0.0
Ashdod	2023-07-01		1688590.8					63.0	1688.5908		
Ashdod	2023-07-01		354185.78699562					63.0	1688.5908		
Ashdod	2023-07-01		1688590.8					63.0	1688.5908		
Ashdod	2023-07-01		354185.78699562					63.0	1688.5908		
Ashdod	2023-08-01		1693768.3					63.0	1693.7683		
Ashdod	2023-08-01		448523.403704					63.0	1693.7683		
Ashdod	2023-08-01		1693768.3					63.0	1693.7683		
Ashdod	2023-08-01		448523.403704					63.0	1693.7683		
Ashdod	2023-09-01	874564.5	1601157.0		874564.5		0.0	63.0	1601.157		0.0
Ashdod	2023-09-01	874564.5	484714.013363		874564.5		0.0	63.0	1601.157		0.0
Ashdod	2023-09-01	874564.5	1601157.0		874564.5		0.0	63.0	1601.157		0.0
Ashdod	2023-09-01	874564.5	484714.013363		874564.5		0.0	63.0	1601.157		0.0
Ashdod	2023-10-01		1353355.6					63.0	1353.3556		
Ashdod	2023-10-01		339460.035671					63.0	1353.3556		
Ashdod	2023-10-01		1353355.6					63.0	1353.3556		
Ashdod	2023-10-01		339460.035671					63.0	1353.3556		
Ashdod	2023-11-01		1405591.0					63.0	1405.591		
Ashdod	2023-11-01		250565.69282					63.0	1405.591		
Ashdod	2023-11-01		1405591.0					63.0	1405.591		
Ashdod	2023-11-01		250565.69282					63.0	1405.591		
Ashdod	2023-12-01	654930.5	1368176.6		654930.5		0.0	63.0	1368.1766		0.0
Ashdod	2023-12-01	654930.5	145001.31436999998		654930.5		0.0	63.0	1368.1766		0.0
Ashdod	2023-12-01	654930.5	1368176.6		654930.5		0.0	63.0	1368.1766		0.0
Ashdod	2023-12-01	654930.5	145001.31436999998		654930.5		0.0	63.0	1368.1766		0.0
Ashdod	2024-01-01		1322543.7999999998					99.0	1322.5438		
Ashdod	2024-01-01		172316.843482					99.0	1322.5438		
Ashdod	2024-01-01		1322543.7999999998					99.0	1322.5438		
Ashdod	2024-01-01		172316.843482					99.0	1322.5438		
Ashdod	2024-02-01		1688545.2					99.0	1688.5452		
Ashdod	2024-02-01		301566.288237					99.0	1688.5452		
Ashdod	2024-02-01		1688545.2					99.0	1688.5452		
Ashdod	2024-02-01		301566.288237					99.0	1688.5452		
Ashdod	2024-03-01	765995.5000000001	1676087.4		765995.5000000001		0.0	99.0	1676.0874		0.0
Ashdod	2024-03-01	765995.5000000001	404137.175067999		765995.5000000001		0.0	99.0	1676.0874		0.0
Ashdod	2024-03-01	765995.5000000001	1676087.4		765995.5000000001		0.0	99.0	1676.0874		0.0
Ashdod	2024-03-01	765995.5000000001	404137.175067999		765995.5000000001		0.0	99.0	1676.0874		0.0
Ashdod	2024-04-01		1550867.2999999998					99.0	1550.8673		
Ashdod	2024-04-01		447052.43409					99.0	1550.8673		
Ashdod	2024-04-01		1550867.2999999998					99.0	1550.8673		
Ashdod	2024-04-01		447052.43409					99.0	1550.8673		
Ashdod	2024-05-01		1674636.9					99.0	1674.6369		
Ashdod	2024-05-01		612965.040907001					99.0	1674.6369		
Ashdod	2024-05-01		1674636.9					99.0	1674.6369		
Ashdod	2024-05-01		612965.040907001					99.0	1674.6369		
Ashdod	2024-06-01	894492.0	1530292.5		894492.0		0.0	99.0	1530.2925		0.0
Ashdod	2024-06-01	894492.0	557492.796		894492.0		0.0	99.0	1530.2925		0.0
Ashdod	2024-06-01	894492.0	1530292.5		894492.0		0.0	99.0	1530.2925		0.0
Ashdod	2024-06-01	894492.0	557492.796		894492.0		0.0	99.0	1530.2925		0.0
Ashdod	2024-07-01		1701165.7					99.0	1701.1657		
Ashdod	2024-07-01		618378.3988699999					99.0	1701.1657		
Ashdod	2024-07-01		1701165.7					99.0	1701.1657		
Ashdod	2024-07-01		618378.3988699999					99.0	1701.1657		
Ashdod	2024-08-01		1743592.9					99.0	1743.5929		
Ashdod	2024-08-01		604186.649428001					99.0	1743.5929		
Ashdod	2024-08-01		1743592.9					99.0	1743.5929		
Ashdod	2024-08-01		604186.649428001					99.0	1743.5929		
Ashdod	2024-09-01	1056189.0	1776113.7000000002		1056189.0		0.0	99.0	1776.1137		0.0
Ashdod	2024-09-01	1056189.0	561265.311859		1056189.0		0.0	99.0	1776.1137		0.0
Ashdod	2024-09-01	1056189.0	1776113.7000000002		1056189.0		0.0	99.0	1776.1137		0.0
Ashdod	2024-09-01	1056189.0	561265.311859		1056189.0		0.0	99.0	1776.1137		0.0
Ashdod	2024-10-01		1431902.7000000002					99.0	1431.9027		
Ashdod	2024-10-01		486900.451499					99.0	1431.9027		
Ashdod	2024-10-01		1431902.7000000002					99.0	1431.9027		
Ashdod	2024-10-01		486900.451499					99.0	1431.9027		
Ashdod	2024-11-01		1590222.6					99.0	1590.2226		
Ashdod	2024-11-01		560874.9182579999					99.0	1590.2226		
Ashdod	2024-11-01		1590222.6					99.0	1590.2226		
Ashdod	2024-11-01		560874.9182579999					99.0	1590.2226		
Ashdod	2024-12-01	979527.5000000001	2013631.6		979527.5000000001		0.0	99.0	2013.6316		0.0
Ashdod	2024-12-01	979527.5000000001	524650.456194001		979527.5000000001		0.0	99.0	2013.6316		0.0
Ashdod	2024-12-01	979527.5000000001	2013631.6		979527.5000000001		0.0	99.0	2013.6316		0.0
Ashdod	2024-12-01	979527.5000000001	524650.456194001		979527.5000000001		0.0	99.0	2013.6316		0.0
Ashdod	2025-01-01		1870507.5						1870.5075		
Ashdod	2025-01-01		445801.59						1870.5075		
Ashdod	2025-01-01		1870507.5						1870.5075		
Ashdod	2025-01-01		445801.59						1870.5075		
Ashdod	2025-02-01		1485993.5						1485.9935		
Ashdod	2025-02-01		500210.112						1485.9935		
Ashdod	2025-02-01		1485993.5						1485.9935		
Ashdod	2025-02-01		500210.112						1485.9935		
Ashdod	2025-03-01		1896035.5						1896.0355		
Ashdod	2025-03-01		525431.921						1896.0355		
Ashdod	2025-03-01		1896035.5						1896.0355		
Ashdod	2025-03-01		525431.921						1896.0355		
Ashdod	2025-04-01		1655904.2						1655.9042		
Ashdod	2025-04-01		598791.196						1655.9042		
Ashdod	2025-04-01		1655904.2						1655.9042		
Ashdod	2025-04-01		598791.196						1655.9042		
Ashdod	2025-05-01		1806261.0						1806.261		
Ashdod	2025-05-01		542021.422						1806.261		
Ashdod	2025-05-01		1806261.0						1806.261		
Ashdod	2025-05-01		542021.422						1806.261		
Ashdod	2025-06-01		1755260.6						1755.2606		
Ashdod	2025-06-01		501414.744						1755.2606		
Ashdod	2025-06-01		1755260.6						1755.2606		
Ashdod	2025-06-01		501414.744						1755.2606		
Ashdod	2025-07-01		1764887.7						1764.8877		
Ashdod	2025-07-01		914638.271						1764.8877		
Ashdod	2025-07-01		1764887.7						1764.8877		
Ashdod	2025-07-01		914638.271						1764.8877		
Ashdod	2025-08-01		1714340.0						1714.34		
Ashdod	2025-08-01		604286.0090000001						1714.34		
Ashdod	2025-08-01		1714340.0						1714.34		
Ashdod	2025-08-01		604286.0090000001						1714.34		
Eilat	2008-01-01	2.0	85045.0						85.045	2.0	
Eilat	2008-02-01	0.0	50495.0						50.495	0.0	
Eilat	2008-03-01	0.0	163359.0						163.359	0.0	
Eilat	2008-04-01	0.0	125269.0						125.269	0.0	
Eilat	2008-05-01	9.0	117119.0						117.119	9.0	
Eilat	2008-06-01	0.0	106398.0						106.398	0.0	
Eilat	2008-07-01	2.0	31594.0						31.594	2.0	
Eilat	2008-08-01	0.0	242151.0						242.151	0.0	
Eilat	2008-09-01	1.0	199810.0						199.81	1.0	
Eilat	2008-10-01	64.0	215732.0						215.732	64.0	
Eilat	2008-11-01	873.0	238120.0						238.12	873.0	
Eilat	2008-12-01	1072.0	184141.0						184.141	1072.0	
Eilat	2010-01-01	0.0	194636.0						194.636	0.0	
Eilat	2010-02-01	0.0	159852.0						159.852	0.0	
Eilat	2010-03-01	0.0	237368.0						237.368	0.0	
Eilat	2010-04-01	0.0	152889.0						152.889	0.0	
Eilat	2010-05-01	0.0	256973.0						256.973	0.0	
Eilat	2010-06-01	0.0	217668.0						217.668	0.0	
Eilat	2010-07-01	0.0	114290.0						114.29	0.0	
Eilat	2010-08-01	0.0	234050.0						234.05	0.0	
Eilat	2010-09-01	0.0	196002.0						196.002	0.0	
Eilat	2010-10-01	0.0	226903.0						226.903	0.0	
Eilat	2010-11-01	0.0	227317.0						227.317	0.0	
Eilat	2010-12-01	0.0	103060.0						103.06	0.0	
Eilat	2011-01-01	0.0	119071.2						119.0712	0.0	
Eilat	2011-02-01	0.0	105308.0						105.308	0.0	
Eilat	2011-03-01	0.0	228592.0						228.592	0.0	
Eilat	2011-04-01	49.0	141897.0						141.897	49.0	
Eilat	2011-05-01	0.0	195915.0						195.915	0.0	
Eilat	2011-06-01	0.0	194646.7						194.6467	0.0	
Eilat	2011-07-01	0.0	167986.0						167.986	0.0	
Eilat	2011-08-01	0.0	282561.0						282.561	0.0	
Eilat	2011-09-01	0.0	202390.0						202.39	0.0	
Eilat	2011-10-01	0.0	172461.0						172.461	0.0	
Eilat	2011-11-01	0.0	246870.0						246.87	0.0	
Eilat	2011-12-01	0.0	222747.0						222.747	0.0	
Eilat	2012-01-01	0.0	48303.0						48.303	0.0	
Eilat	2012-02-01	0.0	130151.0						130.151	0.0	
Eilat	2012-03-01	0.0	178871.0						178.871	0.0	
Eilat	2012-04-01	0.0	166563.0						166.563	0.0	
Eilat	2012-05-01	0.0	155191.0						155.191	0.0	
Eilat	2012-06-01	0.0	178825.0						178.825	0.0	
Eilat	2012-07-01	0.0	156371.0						156.371	0.0	
Eilat	2012-08-01	0.0	131236.0						131.236	0.0	
Eilat	2012-09-01	0.0	132765.0						132.765	0.0	
Eilat	2012-10-01	0.0	95003.0						95.003	0.0	
Eilat	2012-11-01	1.0	64619.0						64.619	1.0	
Eilat	2012-12-01	0.0	123881.0						123.881	0.0	
Eilat	2013-01-01	0.0	106901.0						106.901	0.0	
Eilat	2013-02-01	51.0	163977.6						163.9776	51.0	
Eilat	2013-03-01	70.0	193796.8						193.7968	70.0	
Eilat	2013-04-01	32.0	174816.092						174.816092	32.0	
Eilat	2013-05-01	0.0	245630.566						245.630566	0.0	
Eilat	2013-06-01	1.0	250755.78						250.75578	1.0	
Eilat	2013-07-01	19.0	142539.0						142.539	19.0	
Eilat	2013-08-01	19.0	124268.081						124.268081	19.0	
Eilat	2013-09-01	6.0	118396.766						118.396766	6.0	
Eilat	2013-10-01	9.0	181012.36						181.01236	9.0	
Eilat	2013-11-01	14.0	153791.166						153.791166	14.0	
Eilat	2013-12-01	7.0	226042.491						226.042491	7.0	
Eilat	2014-01-01	0.0	190069.302						190.069302	0.0	
Eilat	2014-02-01	32.0	228899.29						228.89929	32.0	
Eilat	2014-03-01	45.0	231590.419						231.590419	45.0	
Eilat	2014-04-01	5.0	235295.668						235.295668	5.0	
Eilat	2014-05-01	2.0	227444.230769231						227.444230769231	2.0	
Eilat	2014-06-01	3.0	169967.75						169.96775	3.0	
Eilat	2014-07-01	2.0	101149.0						101.149	2.0	
Eilat	2014-08-01	26.0	168511.608						168.511608	26.0	
Eilat	2014-09-01	30.0	243890.0						243.89	30.0	
Eilat	2014-10-01	13.0	188406.0						188.406	13.0	
Eilat	2014-11-01	2.0	133663.0						133.663	2.0	
Eilat	2014-12-01	20.0	191332.7						191.3327	20.0	
Eilat	2015-01-01	0.0	195553.0						195.553	0.0	
Eilat	2015-02-01	77.0	181521.0						181.521	77.0	
Eilat	2015-03-01	0.0	75133.26000000001						75.13326	0.0	
Eilat	2015-04-01	8.0	18689.55						18.68955	8.0	
Eilat	2015-05-01	27.0	20215.0						20.215	27.0	
Eilat	2015-06-01	0.0	224006.0						224.006	0.0	
Eilat	2015-07-01	7.0	314457.51999999996						314.45752	7.0	
Eilat	2015-08-01	0.0	246216.0						246.216	0.0	
Eilat	2015-09-01	0.0	86743.42452369319						86.7434245236932	0.0	
Eilat	2015-10-01	94.0	262663.0						262.663	94.0	
Eilat	2015-11-01	0.0	225685.166312595						225.685166312595	0.0	
Eilat	2015-12-01	51.0	252301.801						252.301801	51.0	
Eilat	2016-01-01	0.0	66575.0						66.575	0.0	
Eilat	2016-02-01	0.0	31603.0						31.603	0.0	
Eilat	2016-03-01	24.0	82012.0						82.012	24.0	
Eilat	2016-04-01	0.0	134913.0						134.913	0.0	
Eilat	2016-05-01	15.0	81146.261						81.146261	15.0	
Eilat	2016-06-01	86.0	109438.0						109.438	86.0	
Eilat	2016-07-01	8.0	230526.0						230.526	8.0	
Eilat	2016-08-01	0.0	300294.0						300.294	0.0	
Eilat	2016-09-01	25.0	273664.0						273.664	25.0	
Eilat	2016-10-01	36.0	153287.0						153.287	36.0	
Eilat	2016-11-01	0.0	321732.0						321.732	0.0	
Eilat	2016-12-01	100.0	324226.0						324.226	100.0	
Eilat	2017-01-01	37.0	104170.075						104.170075	37.0	
Eilat	2017-02-01	24.0	82012.5						82.0125	24.0	
Eilat	2017-03-01	0.0	99278.0						99.278	0.0	
Eilat	2017-04-01	0.0	124359.0						124.359	0.0	
Eilat	2017-05-01	12.0	190489.0						190.489	12.0	
Eilat	2017-06-01	0.0	220037.0						220.037	0.0	
Eilat	2017-07-01	0.0	252576.0						252.576	0.0	
Eilat	2017-08-01	13.0	243677.0						243.677	13.0	
Eilat	2017-09-01	14.0	131835.5						131.8355	14.0	
Eilat	2017-10-01	61.0	227020.0						227.02	61.0	
Eilat	2017-11-01	28.0	236296.0						236.296	28.0	
Eilat	2017-12-01	35.0	259704.99999999997						259.705	35.0	
Eilat	2018-01-01	0.0	235342.0						235.342	0.0	
Eilat	2018-02-01	0.0	143998.0						143.998	0.0	
Eilat	2018-03-01	15.0	92165.0						92.165	15.0	
Eilat	2018-04-01	2.0	163796.0						163.796	2.0	
Eilat	2018-05-01	0.0	130582.0						130.582	0.0	
Eilat	2018-06-01	0.0	208187.0						208.187	0.0	
Eilat	2018-07-01	18.0	98125.0						98.125	18.0	
Eilat	2018-08-01	101.0	214126.0						214.126	101.0	
Eilat	2018-09-01	27.0	181031.0						181.031	27.0	
Eilat	2018-10-01	2.0	216039.0						216.039	2.0	
Eilat	2018-11-01	0.0	277215.0						277.215	0.0	
Eilat	2018-12-01	55.0	329459.0						329.459	55.0	
Eilat	2019-01-01	16.0	153945.0						153.945	16.0	
Eilat	2019-02-01	0.0	174590.0						174.59	0.0	
Eilat	2019-03-01	10.0	195815.0						195.815	10.0	
Eilat	2019-04-01	0.0	234732.0						234.732	0.0	
Eilat	2019-05-01	0.0	131689.0						131.689	0.0	
Eilat	2019-06-01	5.0	230609.0						230.609	5.0	
Eilat	2019-07-01	38.0	142114.0						142.114	38.0	
Eilat	2019-08-01	5.0	240841.0						240.841	5.0	
Eilat	2019-09-01	10.0	78728.09999999999						78.7281	10.0	
Eilat	2019-10-01	74.0	79243.0						79.243	74.0	
Eilat	2019-11-01	4.0	118829.0						118.829	4.0	
Eilat	2019-12-01	9.0	163582.0						163.582	9.0	
Eilat	2020-01-01	74.0	83739.0						83.739	74.0	
Eilat	2020-02-01	39.0	97705.0						97.705	39.0	
Eilat	2020-03-01	0.0	188808.0						188.808	0.0	
Eilat	2020-04-01	0.0	198485.0						198.485	0.0	
Eilat	2020-05-01	67.0	173082.0						173.082	67.0	
Eilat	2020-06-01	44.0	254197.0						254.197	44.0	
Eilat	2020-07-01	3.0	162743.0						162.743	3.0	
Eilat	2020-08-01	8.0	226083.0						226.083	8.0	
Eilat	2020-09-01	70.0	168687.0						168.687	70.0	
Eilat	2020-10-01	15.0	218152.0						218.152	15.0	
Eilat	2020-11-01	0.0	201229.0						201.229	0.0	
Eilat	2020-12-01	57.0	251661.0						251.661	57.0	
Eilat	2021-01-01	0.0	65233.99999999999						65.234	0.0	
Eilat	2021-02-01	50.0	144990.0						144.99	50.0	
Eilat	2021-03-01	10.0	193833.0						193.833	10.0	
Eilat	2021-04-01	14.0	82998.0						82.998	14.0	
Eilat	2021-05-01	5.0	213627.0						213.627	5.0	
Eilat	2021-06-01	2.0	211342.0						211.342	2.0	
Eilat	2021-07-01	16.0	97941.0						97.941	16.0	
Eilat	2021-08-01	26.0	167596.0						167.596	26.0	
Eilat	2021-09-01	1.0	146613.0						146.613	1.0	
Eilat	2021-10-01	45.0	92530.0						92.53	45.0	
Eilat	2021-11-01		134754.9						134.7549		
Eilat	2021-12-01		291595.0						291.595		
Eilat	2022-01-01		102228.0						102.228		
Eilat	2022-02-01		116677.0						116.677		
Eilat	2022-03-01		234597.0						234.597		
Eilat	2022-04-01		90607.0						90.607		
Eilat	2022-05-01		185141.0						185.141		
Eilat	2022-06-01		126343.4						126.3434		
Eilat	2022-07-01		137996.0						137.996		
Eilat	2022-08-01		164769.0						164.769		
Eilat	2022-09-01		179088.0						179.088		
Eilat	2022-10-01		75800.0						75.8		
Eilat	2022-11-01		245167.0						245.167		
Eilat	2022-12-01		196666.0						196.666		
Eilat	2023-01-01		47403.0						47.403		
Eilat	2023-02-01		134080.0						134.08		
Eilat	2023-03-01		125788.0						125.788		
Eilat	2023-04-01		153532.0						153.532		
Eilat	2023-05-01		261819.00000000003						261.819		
Eilat	2023-06-01		163351.0						163.351		
Eilat	2023-07-01		197467.0						197.467		
Eilat	2023-08-01		169099.0						169.099		
Eilat	2023-09-01		172079.0						172.079		
Eilat	2023-10-01		147994.0						147.994		
Eilat	2023-11-01		128864.0						128.864		
Eilat	2023-12-01		160862.0						160.862		
Eilat	2024-01-01		102461.0						102.461		
Eilat	2024-02-01		76167.0						76.167		
Eilat	2024-03-01		47832.0						47.832		
Eilat	2024-04-01		51300.0						51.3		
Eilat	2024-05-01		27940.0						27.94		
Eilat	2024-06-01		47905.0						47.905		
Eilat	2024-07-01		0.0						0.0		
Eilat	2024-08-01		47970.0						47.97		
Eilat	2024-09-01		46728.0						46.728		
Eilat	2024-10-01		64625.0						64.625		
Eilat	2024-11-01		72050.0						72.05		
Eilat	2024-12-01		83863.0						83.863		
Eilat	2025-01-01		54373.0						54.373		
Eilat	2025-02-01		22741.0						22.741		
Eilat	2025-03-01		74360.0						74.36		
Eilat	2025-04-01		7608.0						7.608		
Eilat	2025-05-01		27428.0						27.428		
Eilat	2025-06-01		53941.0						53.941		
Eilat	2025-07-01		51555.0						51.555		
Eilat	2025-08-01		28213.0						28.213		
Haifa	2008-01-01	111821.0	1575343.0						1575.343	111821.0	
Haifa	2008-02-01	107855.0	1212838.0						1212.838	107855.0	
Haifa	2008-03-01	121856.0	1785073.0						1785.073	121856.0	
Haifa	2008-04-01	116791.0	1769230.0						1769.23	116791.0	
Haifa	2008-05-01	117909.0	1813838.0						1813.838	117909.0	
Haifa	2008-06-01	116313.0	1688466.0						1688.466	116313.0	
Haifa	2008-07-01	121686.0	1763813.0						1763.813	121686.0	
Haifa	2008-08-01	96541.0	1733596.0						1733.596	96541.0	
Haifa	2008-09-01	62096.0	1469086.0						1469.086	62096.0	
Haifa	2008-10-01	91875.0	1692932.0						1692.932	91875.0	
Haifa	2008-11-01	101028.0	1596689.0						1596.689	101028.0	
Haifa	2008-12-01	85347.0	1711888.0						1711.888	85347.0	
Haifa	2010-01-01	93407.0	1674912.0						1674.912	93407.0	
Haifa	2010-02-01	88625.0	1615840.0						1615.84	88625.0	
Haifa	2010-03-01	115287.0	1954480.0						1954.48	115287.0	
Haifa	2010-04-01	105094.0	1877809.0						1877.809	105094.0	
Haifa	2010-05-01	114218.0	1899701.0						1899.701	114218.0	
Haifa	2010-06-01	114558.0	1939198.0						1939.198	114558.0	
Haifa	2010-07-01	110988.0	1990747.0						1990.747	110988.0	
Haifa	2010-08-01	118677.0	1936847.0						1936.847	118677.0	
Haifa	2010-09-01	105246.0	1774372.0						1774.372	105246.0	
Haifa	2010-10-01	100435.0	1767699.3						1767.6993	100435.0	
Haifa	2010-11-01	102102.0	1721241.2						1721.2412	102102.0	
Haifa	2010-12-01	97820.0	1684631.9						1684.6319	97820.0	
Haifa	2011-01-01	86518.0	1525170.5						1525.1705	86518.0	
Haifa	2011-02-01	100097.0	1737424.8						1737.4248	100097.0	
Haifa	2011-03-01	115370.0	2080636.8000000005						2080.6368	115370.0	
Haifa	2011-04-01	102965.0	1911060.5						1911.0605	102965.0	
Haifa	2011-05-01	117208.0	2014700.1						2014.7001	117208.0	
Haifa	2011-06-01	118078.0	2141537.9						2141.5379	118078.0	
Haifa	2011-07-01	105812.0	1949421.1						1949.4211	105812.0	
Haifa	2011-08-01	108437.0	2038212.0						2038.212	108437.0	
Haifa	2011-09-01	90759.0	1656888.1						1656.8881	90759.0	
Haifa	2011-10-01	97236.0	2000285.3						2000.2853	97236.0	
Haifa	2011-11-01	100075.0	1854520.2						1854.5202	100075.0	
Haifa	2011-12-01	92960.0	1642383.6						1642.3836	92960.0	
Haifa	2012-01-01	119345.0	2052133.5						2052.1335	119345.0	
Haifa	2012-02-01	104673.0	1620415.9						1620.4159	104673.0	
Haifa	2012-03-01	133509.0	2278564.5						2278.5645	133509.0	
Haifa	2012-04-01	126614.0	2064399.1999999995						2064.3992	126614.0	
Haifa	2012-05-01	125025.0	2277282.7						2277.2827	125025.0	
Haifa	2012-06-01	110551.0	1909408.8						1909.4088	110551.0	
Haifa	2012-07-01	114893.0	2015107.3						2015.1073	114893.0	
Haifa	2012-08-01	109500.0	2057228.6						2057.2286	109500.0	
Haifa	2012-09-01	97888.0	1826906.8						1826.9068	97888.0	
Haifa	2012-10-01	105790.0	1994132.0						1994.132	105790.0	
Haifa	2012-11-01	106433.0	1874525.5						1874.5255	106433.0	
Haifa	2012-12-01	116400.0	2018011.4						2018.0114	116400.0	
Haifa	2013-01-01	131694.0	2187571.4						2187.5714	131694.0	
Haifa	2013-02-01	117912.0	2106727.9						2106.7279	117912.0	
Haifa	2013-03-01	130889.0	2219355.0						2219.355	130889.0	
Haifa	2013-04-01	133791.0	2419272.5999999996						2419.2726	133791.0	
Haifa	2013-05-01	132723.0	2464014.4						2464.0144	132723.0	
Haifa	2013-06-01	119385.0	2137980.9						2137.9809	119385.0	
Haifa	2013-07-01	125306.0	2271838.4						2271.8384	125306.0	
Haifa	2013-08-01	108204.0	2358908.1999999997						2358.9082	108204.0	
Haifa	2013-09-01	87811.0	1915923.0						1915.923	87811.0	
Haifa	2013-10-01	83851.0	1745361.9						1745.3619	83851.0	
Haifa	2013-11-01	82474.0	1842282.4						1842.2824	82474.0	
Haifa	2013-12-01	102949.0	2118601.6						2118.6016	102949.0	
Haifa	2014-01-01	94993.0	2205212.936						2205.212936	94993.0	
Haifa	2014-02-01	85613.0	1830651.171						1830.651171	85613.0	
Haifa	2014-03-01	102921.0	2272564.187						2272.564187	102921.0	
Haifa	2014-04-01	106096.0	2433022.507						2433.022507	106096.0	
Haifa	2014-05-01	102079.0	2412002.048						2412.002048	102079.0	
Haifa	2014-06-01	100898.0	2387710.084						2387.710084	100898.0	
Haifa	2014-07-01	115842.0	2627396.197						2627.396197	115842.0	
Haifa	2014-08-01	101495.0	2257762.444						2257.762444	101495.0	
Haifa	2014-09-01	97100.0	2234985.833						2234.985833	97100.0	
Haifa	2014-10-01	99709.0	2264157.298						2264.157298	99709.0	
Haifa	2014-11-01	88894.0	2147511.7169999997						2147.511717	88894.0	
Haifa	2014-12-01	100604.0	2427180.4790000003						2427.180479	100604.0	
Haifa	2015-01-01	100223.0	2221024.496						2221.024496	100223.0	
Haifa	2015-02-01	97627.0	2162030.125						2162.030125	97627.0	
Haifa	2015-03-01	125196.0	2712242.33						2712.24233	125196.0	
Haifa	2015-04-01	103952.0	2200941.6						2200.9416	103952.0	
Haifa	2015-05-01	96330.0	2276690.3000000003						2276.6903	96330.0	
Haifa	2015-06-01	107838.0	2253838.4						2253.8384	107838.0	
Haifa	2015-07-01	103872.0	2174053.5						2174.0535	103872.0	
Haifa	2015-08-01	85558.0	2025907.1						2025.9071	85558.0	
Haifa	2015-09-01	92980.0	2190489.9						2190.4899	92980.0	
Haifa	2015-10-01	100286.0	2365033.3000000003						2365.0333	100286.0	
Haifa	2015-11-01	99183.0	2279477.5						2279.4775	99183.0	
Haifa	2015-12-01	101530.0	2397698.6999999997						2397.6987	101530.0	
Haifa	2016-01-01	103429.0	2313453.611						2313.453611	103429.0	
Haifa	2016-02-01	109820.0	2313537.246						2313.537246	109820.0	
Haifa	2016-03-01	124406.0	2523987.039						2523.987039	124406.0	
Haifa	2016-04-01	99604.0	2223569.113						2223.569113	99604.0	
Haifa	2016-05-01	107661.0	2663624.3800000004						2663.62438	107661.0	
Haifa	2016-06-01	111421.0	2309499.557						2309.499557	111421.0	
Haifa	2016-07-01	102178.0	2242265.803						2242.265803	102178.0	
Haifa	2016-08-01	106552.0	2184177.0						2184.177	106552.0	
Haifa	2016-09-01	104877.0	2149087.2970000003						2149.087297	104877.0	
Haifa	2016-10-01	94866.0	2329787.3						2329.7873	94866.0	
Haifa	2016-11-01	100878.0	2305655.3359999997						2305.655336	100878.0	
Haifa	2016-12-01	102246.0	2467926.223						2467.926223	102246.0	
Haifa	2017-01-01	116802.0	2463603.01						2463.60301	116802.0	
Haifa	2017-02-01	109037.0	2122782.523						2122.782523	109037.0	
Haifa	2017-03-01	124347.0	2557766.9099999997						2557.76691	124347.0	
Haifa	2017-04-01	120904.0	2611991.3000000003						2611.9913	120904.0	
Haifa	2017-05-01	121575.0	2493674.14						2493.67414	121575.0	
Haifa	2017-06-01	121260.0	2588712.2720000003						2588.712272	121260.0	
Haifa	2017-07-01	109393.0	2401290.3230000003						2401.290323	109393.0	
Haifa	2017-08-01	110450.0	2515560.25						2515.56025	110450.0	
Haifa	2017-09-01	98574.0	2263360.16						2263.36016	98574.0	
Haifa	2017-10-01	103222.0	2445451.0500000003						2445.45105	103222.0	
Haifa	2017-11-01	104430.0	2329070.546						2329.070546	104430.0	
Haifa	2017-12-01	103311.0	2458541.686						2458.541686	103311.0	
Haifa	2018-01-01	112403.0	2432458.313		112403.0		0.0	54.0	2432.458313	112403.0	0.0
Haifa	2018-02-01	112638.0	2617941.7199999997		112638.0		0.0	54.0	2617.94172	112638.0	0.0
Haifa	2018-03-01	126799.0	2530486.29		126799.0		0.0	54.0	2530.48629	126799.0	0.0
Haifa	2018-04-01	130683.0	2830216.76		130683.0		0.0	54.0	2830.21676	130683.0	0.0
Haifa	2018-05-01	127879.0	2650406.0009999997		127879.0		0.0	54.0	2650.406001	127879.0	0.0
Haifa	2018-06-01	131558.0	2475433.331		131558.0		0.0	54.0	2475.433331	131558.0	0.0
Haifa	2018-07-01	135914.0	2246470.07		135914.0		0.0	54.0	2246.47007	135914.0	0.0
Haifa	2018-08-01	127701.0	2254746.21		127701.0		0.0	54.0	2254.74621	127701.0	0.0
Haifa	2018-09-01	111052.0	2282924.06		111052.0		0.0	54.0	2282.92406	111052.0	0.0
Haifa	2018-10-01	121552.0	2442325.644		121552.0		0.0	54.0	2442.325644	121552.0	0.0
Haifa	2018-11-01	119024.0	2369774.08		119024.0		0.0	54.0	2369.77408	119024.0	0.0
Haifa	2018-12-01	111947.0	2397849.86		111947.0		0.0	54.0	2397.84986	111947.0	0.0
Haifa	2019-01-01	123013.0	2470007.68		123013.0		0.0	56.0	2470.00768	123013.0	0.0
Haifa	2019-02-01	106443.0	2325576.96		106443.0		0.0	56.0	2325.57696	106443.0	0.0
Haifa	2019-03-01	125746.0	2816989.27		125746.0		0.0	56.0	2816.98927	125746.0	0.0
Haifa	2019-04-01	127316.0	2526060.42		127316.0		0.0	56.0	2526.06042	127316.0	0.0
Haifa	2019-05-01	118131.0	2426771.23		118131.0		0.0	56.0	2426.77123	118131.0	0.0
Haifa	2019-06-01	112027.0	2482651.89		112027.0		0.0	56.0	2482.65189	112027.0	0.0
Haifa	2019-07-01	116265.0	2459658.8200000003		116265.0		0.0	56.0	2459.65882	116265.0	0.0
Haifa	2019-08-01	104006.0	2214668.53		104006.0		0.0	56.0	2214.66853	104006.0	0.0
Haifa	2019-09-01	102448.0	2192670.23		102448.0		0.0	56.0	2192.67023	102448.0	0.0
Haifa	2019-10-01	115624.0	2862368.2199999997		115624.0		0.0	56.0	2862.36822	115624.0	0.0
Haifa	2019-11-01	112713.0	2138066.59		112713.0		0.0	56.0	2138.06659	112713.0	0.0
Haifa	2019-12-01	115423.0	2168776.42		115423.0		0.0	56.0	2168.77642	115423.0	0.0
Haifa	2020-01-01	124007.0	2540187.838		124007.0		0.0	52.0	2540.187838	124007.0	0.0
Haifa	2020-02-01	120547.0	2352277.288		120547.0		0.0	52.0	2352.277288	120547.0	0.0
Haifa	2020-03-01	129194.0	2597155.57		129194.0		0.0	52.0	2597.15557	129194.0	0.0
Haifa	2020-04-01	132637.0	2293926.19		132637.0		0.0	52.0	2293.92619	132637.0	0.0
Haifa	2020-05-01	120993.0	2317983.4639999997		120993.0		0.0	52.0	2317.983464	120993.0	0.0
Haifa	2020-06-01	112028.0	1967243.95		112028.0		0.0	52.0	1967.24395	112028.0	0.0
Haifa	2020-07-01	124557.0	1982088.98		124557.0		0.0	52.0	1982.08898	124557.0	0.0
Haifa	2020-08-01	113777.0	2307125.04		113777.0		0.0	52.0	2307.12504	113777.0	0.0
Haifa	2020-09-01	113342.0	2066419.62		113342.0		0.0	52.0	2066.41962	113342.0	0.0
Haifa	2020-10-01	132974.0	2266698.5		132974.0		0.0	52.0	2266.6985	132974.0	0.0
Haifa	2020-11-01	125407.0	2028255.749		125407.0		0.0	52.0	2028.255749	125407.0	0.0
Haifa	2020-12-01	114971.0	2078591.49		114971.0		0.0	52.0	2078.59149	114971.0	0.0
Haifa	2021-01-01	127132.0	1498345.5		127132.0		0.0	90.16326530612244	1498.3455	127132.0	0.0
Haifa	2021-02-01	122928.0	1407982.1		122928.0		0.0	90.16326530612244	1407.9821	122928.0	0.0
Haifa	2021-03-01	126274.0	1500388.3		126274.0		0.0	90.16326530612244	1500.3883	126274.0	0.0
Haifa	2021-04-01	121885.0	1514385.1		121885.0		0.0	90.16326530612244	1514.3851	121885.0	0.0
Haifa	2021-05-01	134011.0	1459727.5		134011.0		0.0	90.16326530612244	1459.7275	134011.0	0.0
Haifa	2021-06-01	130127.0	1498401.0		130127.0		0.0	90.16326530612244	1498.401	130127.0	0.0
Haifa	2021-07-01	242170.35108934398	1380398.8		242170.35108934398		0.0	90.16326530612244	1380.3988	118613.0	0.0
Haifa	2021-07-01	242170.35108934398	6369.799999999999		242170.35108934398		0.0	90.16326530612244	1380.3988	118613.0	0.0
Haifa	2021-07-01	242170.35108934398	1380398.8		242170.35108934398		0.0	90.16326530612244	1380.3988	118613.0	0.0
Haifa	2021-07-01	242170.35108934398	6369.799999999999		242170.35108934398		0.0	90.16326530612244	1380.3988	118613.0	0.0
Haifa	2021-08-01	256231.4338370387	1403292.5		256231.4338370387		0.0	90.16326530612244	1403.2925	125500.0	0.0
Haifa	2021-08-01	256231.4338370387	7100.0		256231.4338370387		0.0	90.16326530612244	1403.2925	125500.0	0.0
Haifa	2021-08-01	256231.4338370387	1403292.5		256231.4338370387		0.0	90.16326530612244	1403.2925	125500.0	0.0
Haifa	2021-08-01	256231.4338370387	7100.0		256231.4338370387		0.0	90.16326530612244	1403.2925	125500.0	0.0
Haifa	2021-09-01	214889.3597034435	1291716.4		214889.3597034435		0.0	90.16326530612244	1291.7164	105251.0	0.0
Haifa	2021-09-01	214889.3597034435	1730.4		214889.3597034435		0.0	90.16326530612244	1291.7164	105251.0	0.0
Haifa	2021-09-01	214889.3597034435	1291716.4		214889.3597034435		0.0	90.16326530612244	1291.7164	105251.0	0.0
Haifa	2021-09-01	214889.3597034435	1730.4		214889.3597034435		0.0	90.16326530612244	1291.7164	105251.0	0.0
Haifa	2021-10-01	121087.0	1492880.5					90.16326530612244	1492.8805	121087.0	
Haifa	2021-10-01	121087.0	18082.8					90.16326530612244	1492.8805	121087.0	
Haifa	2021-10-01	121087.0	1492880.5					90.16326530612244	1492.8805	121087.0	
Haifa	2021-10-01	121087.0	18082.8					90.16326530612244	1492.8805	121087.0	
Haifa	2021-11-01		1367014.1					90.16326530612244	1367.0141		
Haifa	2021-11-01		19484.0					90.16326530612244	1367.0141		
Haifa	2021-11-01		1367014.1					90.16326530612244	1367.0141		
Haifa	2021-11-01		19484.0					90.16326530612244	1367.0141		
Haifa	2021-12-01	758432.227591346	1424899.7		758432.227591346		0.0	90.16326530612244	1424.8997		0.0
Haifa	2021-12-01	758432.227591346	22448.0		758432.227591346		0.0	90.16326530612244	1424.8997		0.0
Haifa	2021-12-01	758432.227591346	1424899.7		758432.227591346		0.0	90.16326530612244	1424.8997		0.0
Haifa	2021-12-01	758432.227591346	22448.0		758432.227591346		0.0	90.16326530612244	1424.8997		0.0
Haifa	2022-01-01		1461499.1					90.16326530612244	1461.4991		
Haifa	2022-01-01		70229.389					90.16326530612244	1461.4991		
Haifa	2022-01-01		1461499.1					90.16326530612244	1461.4991		
Haifa	2022-01-01		70229.389					90.16326530612244	1461.4991		
Haifa	2022-02-01		1459075.3					90.16326530612244	1459.0753		
Haifa	2022-02-01		80312.83					90.16326530612244	1459.0753		
Haifa	2022-02-01		1459075.3					90.16326530612244	1459.0753		
Haifa	2022-02-01		80312.83					90.16326530612244	1459.0753		
Haifa	2022-03-01	826874.8433977393	1592099.4		826874.8433977393		0.0	90.16326530612244	1592.0994		0.0
Haifa	2022-03-01	826874.8433977393	113695.783		826874.8433977393		0.0	90.16326530612244	1592.0994		0.0
Haifa	2022-03-01	826874.8433977393	1592099.4		826874.8433977393		0.0	90.16326530612244	1592.0994		0.0
Haifa	2022-03-01	826874.8433977393	113695.783		826874.8433977393		0.0	90.16326530612244	1592.0994		0.0
Haifa	2022-04-01		1425364.8					90.16326530612244	1425.3648		
Haifa	2022-04-01		183084.415					90.16326530612244	1425.3648		
Haifa	2022-04-01		1425364.8					90.16326530612244	1425.3648		
Haifa	2022-04-01		183084.415					90.16326530612244	1425.3648		
Haifa	2022-05-01		1323138.6					90.16326530612244	1323.1386		
Haifa	2022-05-01		294928.001					90.16326530612244	1323.1386		
Haifa	2022-05-01		1323138.6					90.16326530612244	1323.1386		
Haifa	2022-05-01		294928.001					90.16326530612244	1323.1386		
Haifa	2022-06-01	907728.8522814768	1286279.2		907728.8522814768		0.0	90.16326530612244	1286.2792		0.0
Haifa	2022-06-01	907728.8522814768	259772.356		907728.8522814768		0.0	90.16326530612244	1286.2792		0.0
Haifa	2022-06-01	907728.8522814768	1286279.2		907728.8522814768		0.0	90.16326530612244	1286.2792		0.0
Haifa	2022-06-01	907728.8522814768	259772.356		907728.8522814768		0.0	90.16326530612244	1286.2792		0.0
Haifa	2022-07-01		1109435.5					90.16326530612244	1109.4355		
Haifa	2022-07-01		356585.872					90.16326530612244	1109.4355		
Haifa	2022-07-01		1109435.5					90.16326530612244	1109.4355		
Haifa	2022-07-01		356585.872					90.16326530612244	1109.4355		
Haifa	2022-08-01		1157608.5					90.16326530612244	1157.6085		
Haifa	2022-08-01		389607.91					90.16326530612244	1157.6085		
Haifa	2022-08-01		1157608.5					90.16326530612244	1157.6085		
Haifa	2022-08-01		389607.91					90.16326530612244	1157.6085		
Haifa	2022-09-01	856151.1414800826	938265.2		856151.1414800826		0.0	90.16326530612244	938.2652		0.0
Haifa	2022-09-01	856151.1414800826	441155.694		856151.1414800826		0.0	90.16326530612244	938.2652		0.0
Haifa	2022-09-01	856151.1414800826	938265.2		856151.1414800826		0.0	90.16326530612244	938.2652		0.0
Haifa	2022-09-01	856151.1414800826	441155.694		856151.1414800826		0.0	90.16326530612244	938.2652		0.0
Haifa	2022-10-01		926270.6					90.16326530612244	926.2706		
Haifa	2022-10-01		465296.035					90.16326530612244	926.2706		
Haifa	2022-10-01		926270.6					90.16326530612244	926.2706		
Haifa	2022-10-01		465296.035					90.16326530612244	926.2706		
Haifa	2022-11-01		764510.0					90.16326530612244	764.51		
Haifa	2022-11-01		604526.071					90.16326530612244	764.51		
Haifa	2022-11-01		764510.0					90.16326530612244	764.51		
Haifa	2022-11-01		604526.071					90.16326530612244	764.51		
Haifa	2022-12-01	1035463.1714892586	799310.5		1035463.1714892586		0.0	90.16326530612244	799.3105		0.0
Haifa	2022-12-01	1035463.1714892586	645669.523		1035463.1714892586		0.0	90.16326530612244	799.3105		0.0
Haifa	2022-12-01	1035463.1714892586	799310.5		1035463.1714892586		0.0	90.16326530612244	799.3105		0.0
Haifa	2022-12-01	1035463.1714892586	645669.523		1035463.1714892586		0.0	90.16326530612244	799.3105		0.0
Haifa	2023-01-01		926311.6					94.0	926.3116		
Haifa	2023-01-01		818797.296					94.0	926.3116		
Haifa	2023-01-01		926311.6					94.0	926.3116		
Haifa	2023-01-01		818797.296					94.0	926.3116		
Haifa	2023-02-01		816343.7999999999					94.0	816.3438		
Haifa	2023-02-01		699640.591					94.0	816.3438		
Haifa	2023-02-01		816343.7999999999					94.0	816.3438		
Haifa	2023-02-01		699640.591					94.0	816.3438		
Haifa	2023-03-01	784712.0	889686.5		784712.0		0.0	94.0	889.6865		0.0
Haifa	2023-03-01	784712.0	886173.937		784712.0		0.0	94.0	889.6865		0.0
Haifa	2023-03-01	784712.0	889686.5		784712.0		0.0	94.0	889.6865		0.0
Haifa	2023-03-01	784712.0	886173.937		784712.0		0.0	94.0	889.6865		0.0
Haifa	2023-04-01		992506.2					94.0	992.5062		
Haifa	2023-04-01		909574.218					94.0	992.5062		
Haifa	2023-04-01		992506.2					94.0	992.5062		
Haifa	2023-04-01		909574.218					94.0	992.5062		
Haifa	2023-05-01		1172930.9					94.0	1172.9309		
Haifa	2023-05-01		827134.322					94.0	1172.9309		
Haifa	2023-05-01		1172930.9					94.0	1172.9309		
Haifa	2023-05-01		827134.322					94.0	1172.9309		
Haifa	2023-06-01	846233.5	1065118.8		846233.5		0.0	94.0	1065.1188		0.0
Haifa	2023-06-01	846233.5	785214.804		846233.5		0.0	94.0	1065.1188		0.0
Haifa	2023-06-01	846233.5	1065118.8		846233.5		0.0	94.0	1065.1188		0.0
Haifa	2023-06-01	846233.5	785214.804		846233.5		0.0	94.0	1065.1188		0.0
Haifa	2023-07-01		1067451.6					94.0	1067.4516		
Haifa	2023-07-01		804568.525					94.0	1067.4516		
Haifa	2023-07-01		1067451.6					94.0	1067.4516		
Haifa	2023-07-01		804568.525					94.0	1067.4516		
Haifa	2023-08-01		1090791.9					94.0	1090.7919		
Haifa	2023-08-01		664269.049					94.0	1090.7919		
Haifa	2023-08-01		1090791.9					94.0	1090.7919		
Haifa	2023-08-01		664269.049					94.0	1090.7919		
Haifa	2023-09-01	782103.0	934315.9		782103.0		0.0	94.0	934.3159		0.0
Haifa	2023-09-01	782103.0	770633.742		782103.0		0.0	94.0	934.3159		0.0
Haifa	2023-09-01	782103.0	934315.9		782103.0		0.0	94.0	934.3159		0.0
Haifa	2023-09-01	782103.0	770633.742		782103.0		0.0	94.0	934.3159		0.0
Haifa	2023-10-01		1164266.4					94.0	1164.2664		
Haifa	2023-10-01		563273.7					94.0	1164.2664		
Haifa	2023-10-01		1164266.4					94.0	1164.2664		
Haifa	2023-10-01		563273.7					94.0	1164.2664		
Haifa	2023-11-01		835100.9					94.0	835.1009		
Haifa	2023-11-01		466260.267					94.0	835.1009		
Haifa	2023-11-01		835100.9					94.0	835.1009		
Haifa	2023-11-01		466260.267					94.0	835.1009		
Haifa	2023-12-01	676718.0	707471.4		676718.0		0.0	94.0	707.4714		0.0
Haifa	2023-12-01	676718.0	393756.536		676718.0		0.0	94.0	707.4714		0.0
Haifa	2023-12-01	676718.0	707471.4		676718.0		0.0	94.0	707.4714		0.0
Haifa	2023-12-01	676718.0	393756.536		676718.0		0.0	94.0	707.4714		0.0
Haifa	2024-01-01		737276.8999999999					91.0	737.2769		
Haifa	2024-01-01		426689.837					91.0	737.2769		
Haifa	2024-01-01		737276.8999999999					91.0	737.2769		
Haifa	2024-01-01		426689.837					91.0	737.2769		
Haifa	2024-02-01		850760.9					91.0	850.7609		
Haifa	2024-02-01		497526.081					91.0	850.7609		
Haifa	2024-02-01		850760.9					91.0	850.7609		
Haifa	2024-02-01		497526.081					91.0	850.7609		
Haifa	2024-03-01	649511.5	772148.2999999999		649511.5		0.0	91.0	772.1483		0.0
Haifa	2024-03-01	649511.5	606017.034		649511.5		0.0	91.0	772.1483		0.0
Haifa	2024-03-01	649511.5	772148.2999999999		649511.5		0.0	91.0	772.1483		0.0
Haifa	2024-03-01	649511.5	606017.034		649511.5		0.0	91.0	772.1483		0.0
Haifa	2024-04-01		755350.9					91.0	755.3509		
Haifa	2024-04-01		361245.19					91.0	755.3509		
Haifa	2024-04-01		755350.9					91.0	755.3509		
Haifa	2024-04-01		361245.19					91.0	755.3509		
Haifa	2024-05-01		756037.2999999999					91.0	756.0373		
Haifa	2024-05-01		563072.027					91.0	756.0373		
Haifa	2024-05-01		756037.2999999999					91.0	756.0373		
Haifa	2024-05-01		563072.027					91.0	756.0373		
Haifa	2024-06-01	561431.0	725921.5		561431.0		0.0	91.0	725.9215		0.0
Haifa	2024-06-01	561431.0	347620.456		561431.0		0.0	91.0	725.9215		0.0
Haifa	2024-06-01	561431.0	725921.5		561431.0		0.0	91.0	725.9215		0.0
Haifa	2024-06-01	561431.0	347620.456		561431.0		0.0	91.0	725.9215		0.0
Haifa	2024-07-01		806388.5					91.0	806.3885		
Haifa	2024-07-01		352176.361					91.0	806.3885		
Haifa	2024-07-01		806388.5					91.0	806.3885		
Haifa	2024-07-01		352176.361					91.0	806.3885		
Haifa	2024-08-01		874817.0					91.0	874.817		
Haifa	2024-08-01		408474.845					91.0	874.817		
Haifa	2024-08-01		874817.0					91.0	874.817		
Haifa	2024-08-01		408474.845					91.0	874.817		
Haifa	2024-09-01	604113.5	904670.1		604113.5		0.0	91.0	904.6701		0.0
Haifa	2024-09-01	604113.5	397717.295		604113.5		0.0	91.0	904.6701		0.0
Haifa	2024-09-01	604113.5	904670.1		604113.5		0.0	91.0	904.6701		0.0
Haifa	2024-09-01	604113.5	397717.295		604113.5		0.0	91.0	904.6701		0.0
Haifa	2024-10-01		908064.5					91.0	908.0645		
Haifa	2024-10-01		441459.022					91.0	908.0645		
Haifa	2024-10-01		908064.5					91.0	908.0645		
Haifa	2024-10-01		441459.022					91.0	908.0645		
Haifa	2024-11-01		965822.5					91.0	965.8225		
Haifa	2024-11-01		418159.261					91.0	965.8225		
Haifa	2024-11-01		965822.5					91.0	965.8225		
Haifa	2024-11-01		418159.261					91.0	965.8225		
Haifa	2024-12-01	607012.0	851457.7000000001		607012.0		0.0	91.0	851.4577		0.0
Haifa	2024-12-01	607012.0	429429.715		607012.0		0.0	91.0	851.4577		0.0
Haifa	2024-12-01	607012.0	851457.7000000001		607012.0		0.0	91.0	851.4577		0.0
Haifa	2024-12-01	607012.0	429429.715		607012.0		0.0	91.0	851.4577		0.0
Haifa	2025-01-01		990758.5						990.7585		
Haifa	2025-01-01		491298.547						990.7585		
Haifa	2025-01-01		990758.5						990.7585		
Haifa	2025-01-01		491298.547						990.7585		
Haifa	2025-02-01		937137.5						937.1375		
Haifa	2025-02-01		537610.0719999999						937.1375		
Haifa	2025-02-01		937137.5						937.1375		
Haifa	2025-02-01		537610.0719999999						937.1375		
Haifa	2025-03-01		1068912.8						1068.9128		
Haifa	2025-03-01		474635.748						1068.9128		
Haifa	2025-03-01		1068912.8						1068.9128		
Haifa	2025-03-01		474635.748						1068.9128		
Haifa	2025-04-01		990340.1						990.3401		
Haifa	2025-04-01		463038.444						990.3401		
Haifa	2025-04-01		990340.1						990.3401		
Haifa	2025-04-01		463038.444						990.3401		
Haifa	2025-05-01		1057106.8						1057.1068		
Haifa	2025-05-01		491606.543						1057.1068		
Haifa	2025-05-01		1057106.8						1057.1068		
Haifa	2025-05-01		491606.543						1057.1068		
Haifa	2025-06-01		796281.3999999999						796.2814		
Haifa	2025-06-01		397801.964						796.2814		
Haifa	2025-06-01		796281.3999999999						796.2814		
Haifa	2025-06-01		397801.964						796.2814		
Haifa	2025-07-01		914763.3						914.7633		
Haifa	2025-07-01		439677.45						914.7633		
Haifa	2025-07-01		914763.3						914.7633		
Haifa	2025-07-01		439677.45						914.7633		
Haifa	2025-08-01		735513.5						735.5135		
Haifa	2025-08-01		518395.2759999999						735.5135		
Haifa	2025-08-01		735513.5						735.5135		
Haifa	2025-08-01		518395.2759999999						735.5135		
