port	terminal	year	month	quarter	TEU_port_m	share_i_p_q	TEU_i_m	Pi_teu_per_hour_i_y	H_annual_i_y	w_i_m_in_year	L_hours_i_m
Ashdod	Ashdod-HCT	2021	1	Q1	133397.0	0.0	0.0	31.200000000000003	805.2248463582862	0.0	0.0
Ashdod	Ashdod-HCT	2021	2	Q1	119323.0	0.0	0.0	31.200000000000003	805.2248463582862	0.0	0.0
Ashdod	Ashdod-HCT	2021	3	Q1	136831.0	0.0	0.0	31.200000000000003	805.2248463582862	0.0	0.0
Ashdod	Ashdod-HCT	2021	4	Q2	130945.0	0.0	0.0	31.200000000000003	805.2248463582862	0.0	0.0
Ashdod	Ashdod-HCT	2021	5	Q2	139946.0	0.0	0.0	31.200000000000003	805.2248463582862	0.0	0.0
Ashdod	Ashdod-HCT	2021	6	Q2	145913.0	0.0	0.0	31.200000000000003	805.2248463582862	0.0	0.0
Ashdod	Ashdod-HCT	2021	7	Q3	153718.73848734246	0.0212822201063743	3271.4760269618228	31.200000000000003	805.2248463582862	0.1302182878960811	104.85500086416096
Ashdod	Ashdod-HCT	2021	8	Q3	155939.0567175931	0.0212822201063743	3318.7293282442124	31.200000000000003	805.2248463582862	0.1320991648885207	106.36952975141706
Ashdod	Ashdod-HCT	2021	9	Q3	107603.72972445996	0.0212822201063743	2290.046260262775	31.200000000000003	805.2248463582862	0.0911533206285426	73.39891859816585
Ashdod	Ashdod-HCT	2021	10	Q4	136624.0	0.0393229310804623	5372.456135937094	31.200000000000003	805.2248463582862	0.2138459930786122	172.1941069210607
Ashdod	Ashdod-HCT	2021	11	Q4	138218.42823376844	0.0393229310804623	5435.153727486314	31.200000000000003	805.2248463582862	0.2163416167541216	174.2036451117408
Ashdod	Ashdod-HCT	2021	12	Q4	138218.42823376844	0.0393229310804623	5435.153727486314	31.200000000000003	805.2248463582862	0.2163416167541216	174.2036451117408
Ashdod	Ashdod-HCT	2022	1	Q1	126939.33333333331	0.0563635405368669	7154.750260056199	29.6	6412.240933067442	0.0376957975122559	241.71453581270944
Ashdod	Ashdod-HCT	2022	2	Q1	126939.33333333331	0.0563635405368669	7154.750260056199	29.6	6412.240933067442	0.0376957975122559	241.71453581270944
Ashdod	Ashdod-HCT	2022	3	Q1	126939.33333333331	0.0563635405368669	7154.750260056199	29.6	6412.240933067442	0.0376957975122559	241.71453581270944
Ashdod	Ashdod-HCT	2022	4	Q2	133588.33333333334	0.0710515555389265	9491.658885185969	29.6	6412.240933067442	0.050008125844572	320.664151526553
Ashdod	Ashdod-HCT	2022	5	Q2	133588.33333333334	0.0710515555389265	9491.658885185969	29.6	6412.240933067442	0.050008125844572	320.664151526553
Ashdod	Ashdod-HCT	2022	6	Q2	133588.33333333334	0.0710515555389265	9491.658885185969	29.6	6412.240933067442	0.050008125844572	320.664151526553
Ashdod	Ashdod-HCT	2022	7	Q3	144892.66666666666	0.161169509409769	23352.280003739867	29.6	6412.240933067442	0.1230347372688822	788.9283785047252
Ashdod	Ashdod-HCT	2022	8	Q3	144892.66666666666	0.161169509409769	23352.280003739867	29.6	6412.240933067442	0.1230347372688822	788.9283785047252
Ashdod	Ashdod-HCT	2022	9	Q3	144892.66666666666	0.161169509409769	23352.280003739867	29.6	6412.240933067442	0.1230347372688822	788.9283785047252
Ashdod	Ashdod-HCT	2022	10	Q4	127004.41666666669	0.1832121695816357	23268.754723950056	29.6	6412.240933067442	0.122594672707623	786.1065785118262
Ashdod	Ashdod-HCT	2022	11	Q4	127004.41666666669	0.1832121695816357	23268.754723950056	29.6	6412.240933067442	0.122594672707623	786.1065785118262
Ashdod	Ashdod-HCT	2022	12	Q4	127004.41666666669	0.1832121695816357	23268.754723950056	29.6	6412.240933067442	0.122594672707623	786.1065785118262
Ashdod	Ashdod-HCT	2023	1	1.0	130372.0	0.2258281430573027	29441.666666666668	28.0	16963.151785714286	0.0619865994551565	1051.4880952380954
Ashdod	Ashdod-HCT	2023	2	1.0	130372.0	0.2258281430573027	29441.666666666668	28.0	16963.151785714286	0.0619865994551565	1051.4880952380954
Ashdod	Ashdod-HCT	2023	3	1.0	130372.0	0.2258281430573027	29441.666666666668	28.0	16963.151785714286	0.0619865994551565	1051.4880952380954
Ashdod	Ashdod-HCT	2023	4	2.0	147049.91666666666	0.3412531685669095	50181.24999999999	28.0	16963.151785714286	0.1056517988307639	1792.1874999999998
Ashdod	Ashdod-HCT	2023	5	2.0	147049.91666666666	0.3412531685669095	50181.24999999999	28.0	16963.151785714286	0.1056517988307639	1792.1874999999998
Ashdod	Ashdod-HCT	2023	6	2.0	147049.91666666666	0.3412531685669095	50181.24999999999	28.0	16963.151785714286	0.1056517988307639	1792.1874999999998
Ashdod	Ashdod-HCT	2023	7	3.0	145760.75	0.3400280939827765	49562.75	28.0	16963.151785714286	0.1043496065263309	1770.0982142857144
Ashdod	Ashdod-HCT	2023	8	3.0	145760.75	0.3400280939827765	49562.75	28.0	16963.151785714286	0.1043496065263309	1770.0982142857144
Ashdod	Ashdod-HCT	2023	9	3.0	145760.75	0.3400280939827765	49562.75	28.0	16963.151785714286	0.1043496065263309	1770.0982142857144
Ashdod	Ashdod-HCT	2023	10	4.0	109155.08333333331	0.2669329035676304	29137.08333333333	28.0	16963.151785714286	0.0613453285210818	1040.6101190476188
Ashdod	Ashdod-HCT	2023	11	4.0	109155.08333333331	0.2669329035676304	29137.08333333333	28.0	16963.151785714286	0.0613453285210818	1040.6101190476188
Ashdod	Ashdod-HCT	2023	12	4.0	109155.08333333331	0.2669329035676304	29137.08333333333	28.0	16963.151785714286	0.0613453285210818	1040.6101190476188
Ashdod	Ashdod-HCT	2024	1	1.0	127665.91666666669	0.266510051299257	34024.25	61.0	11355.196721311477	0.0491206452739916	557.7745901639344
Ashdod	Ashdod-HCT	2024	2	1.0	127665.91666666669	0.266510051299257	34024.25	61.0	11355.196721311477	0.0491206452739916	557.7745901639344
Ashdod	Ashdod-HCT	2024	3	1.0	127665.91666666669	0.266510051299257	34024.25	61.0	11355.196721311477	0.0491206452739916	557.7745901639344
Ashdod	Ashdod-HCT	2024	4	2.0	149082.0	0.4134972699588146	61645.00000000001	61.0	11355.196721311477	0.0889965885483212	1010.5737704918032
Ashdod	Ashdod-HCT	2024	5	2.0	149082.0	0.4134972699588146	61645.00000000001	61.0	11355.196721311477	0.0889965885483212	1010.5737704918032
Ashdod	Ashdod-HCT	2024	6	2.0	149082.0	0.4134972699588146	61645.00000000001	61.0	11355.196721311477	0.0889965885483212	1010.5737704918032
Ashdod	Ashdod-HCT	2024	7	3.0	176031.5	0.4133057625103082	72754.83333333333	61.0	11355.196721311477	0.1050358012339743	1192.7021857923496
Ashdod	Ashdod-HCT	2024	8	3.0	176031.5	0.4133057625103082	72754.83333333333	61.0	11355.196721311477	0.1050358012339743	1192.7021857923496
Ashdod	Ashdod-HCT	2024	9	3.0	176031.5	0.4133057625103082	72754.83333333333	61.0	11355.196721311477	0.1050358012339743	1192.7021857923496
Ashdod	Ashdod-HCT	2024	10	4.0	163254.58333333334	0.3826227441291847	62464.91666666667	61.0	11355.196721311477	0.090180298277046	1024.0150273224044
Ashdod	Ashdod-HCT	2024	11	4.0	163254.58333333334	0.3826227441291847	62464.91666666667	61.0	11355.196721311477	0.090180298277046	1024.0150273224044
Ashdod	Ashdod-HCT	2024	12	4.0	163254.58333333334	0.3826227441291847	62464.91666666667	61.0	11355.196721311477	0.090180298277046	1024.0150273224044
Ashdod	Ashdod-Legacy	2018	1	1.0	121784.0	1.0	121784.0	41.0	36029.53658536585	0.0824418448007766	2970.341463414634
Ashdod	Ashdod-Legacy	2018	2	1.0	108885.0	1.0	108885.0	41.0	36029.53658536585	0.0737098491684667	2655.731707317073
Ashdod	Ashdod-Legacy	2018	3	1.0	122666.0	1.0	122666.0	41.0	36029.53658536585	0.0830389159030091	2991.853658536585
Ashdod	Ashdod-Legacy	2018	4	2.0	117145.0	1.0	117145.0	41.0	36029.53658536585	0.0793014674274697	2857.1951219512193
Ashdod	Ashdod-Legacy	2018	5	2.0	109438.0	1.0	109438.0	41.0	36029.53658536585	0.0740842032722475	2669.2195121951218
Ashdod	Ashdod-Legacy	2018	6	2.0	132217.0	1.0	132217.0	41.0	36029.53658536585	0.0895044783717424	3224.80487804878
Ashdod	Ashdod-Legacy	2018	7	3.0	142318.0	1.0	142318.0	41.0	36029.53658536585	0.0963423640901672	3471.170731707317
Ashdod	Ashdod-Legacy	2018	8	3.0	136641.0	1.0	136641.0	41.0	36029.53658536585	0.092499311201988	3332.7073170731705
Ashdod	Ashdod-Legacy	2018	9	3.0	95956.0	1.0	95956.0	41.0	36029.53658536585	0.0649575449952647	2340.3902439024387
Ashdod	Ashdod-Legacy	2018	10	4.0	137108.0	1.0	137108.0	41.0	36029.53658536585	0.0928154474885442	3344.097560975609
Ashdod	Ashdod-Legacy	2018	11	4.0	130572.0	1.0	130572.0	41.0	36029.53658536585	0.0883908933794833	3184.682926829268
Ashdod	Ashdod-Legacy	2018	12	4.0	122481.0	1.0	122481.0	41.0	36029.53658536585	0.0829136799008401	2987.3414634146343
Ashdod	Ashdod-Legacy	2019	1	1.0	122983.0	1.0	122983.0	42.0	36609.42857142857	0.0799839489696903	2928.1666666666665
Ashdod	Ashdod-Legacy	2019	2	1.0	134800.0	1.0	134800.0	42.0	36609.42857142857	0.0876693227609853	3209.523809523809
Ashdod	Ashdod-Legacy	2019	3	1.0	117963.0	1.0	117963.0	42.0	36609.42857142857	0.0767191121725082	2808.642857142857
Ashdod	Ashdod-Legacy	2019	4	2.0	134523.0	1.0	134523.0	42.0	36609.42857142857	0.087489171407834	3202.9285714285716
Ashdod	Ashdod-Legacy	2019	5	2.0	129557.0	1.0	129557.0	42.0	36609.42857142857	0.084259454369028	3084.690476190476
Ashdod	Ashdod-Legacy	2019	6	2.0	138893.0	1.0	138893.0	42.0	36609.42857142857	0.0903312703727116	3306.9761904761904
Ashdod	Ashdod-Legacy	2019	7	3.0	149568.0	1.0	149568.0	42.0	36609.42857142857	0.0972739263109425	3561.142857142857
Ashdod	Ashdod-Legacy	2019	8	3.0	132240.0	1.0	132240.0	42.0	36609.42857142857	0.0860043860676016	3148.571428571429
Ashdod	Ashdod-Legacy	2019	9	3.0	127738.0	1.0	127738.0	42.0	36609.42857142857	0.0830764388044714	3041.3809523809523
Ashdod	Ashdod-Legacy	2019	10	4.0	113143.0	1.0	113143.0	42.0	36609.42857142857	0.0735843485544967	2693.8809523809527
Ashdod	Ashdod-Legacy	2019	11	4.0	119108.0	1.0	119108.0	42.0	36609.42857142857	0.0774637811232599	2835.904761904762
Ashdod	Ashdod-Legacy	2019	12	4.0	117080.0	1.0	117080.0	42.0	36609.42857142857	0.07614483908647	2787.6190476190477
Ashdod	Ashdod-Legacy	2020	1	1.0	118457.0	1.0	118457.0	39.0	40628.179487179485	0.0747599083369569	3037.358974358974
Ashdod	Ashdod-Legacy	2020	2	1.0	125794.0	1.0	125794.0	39.0	40628.179487179485	0.0793903940614667	3225.487179487179
Ashdod	Ashdod-Legacy	2020	3	1.0	119175.0	1.0	119175.0	39.0	40628.179487179485	0.0752130484146724	3055.7692307692305
Ashdod	Ashdod-Legacy	2020	4	2.0	114099.0	1.0	114099.0	39.0	40628.179487179485	0.0720095121549461	2925.6153846153843
Ashdod	Ashdod-Legacy	2020	5	2.0	121426.0	1.0	121426.0	39.0	40628.179487179485	0.0766336867363122	3113.4871794871797
Ashdod	Ashdod-Legacy	2020	6	2.0	136483.0	1.0	136483.0	39.0	40628.179487179485	0.0861363749677342	3499.5641025641025
Ashdod	Ashdod-Legacy	2020	7	3.0	143321.0	1.0	143321.0	39.0	40628.179487179485	0.0904519346493749	3674.897435897436
Ashdod	Ashdod-Legacy	2020	8	3.0	145353.0	1.0	145353.0	39.0	40628.179487179485	0.0917343589361684	3726.999999999999
Ashdod	Ashdod-Legacy	2020	9	3.0	136085.0	1.0	136085.0	39.0	40628.179487179485	0.0858851914706162	3489.358974358974
Ashdod	Ashdod-Legacy	2020	10	4.0	144608.0	1.0	144608.0	39.0	40628.179487179485	0.0912641787719651	3707.897435897435
Ashdod	Ashdod-Legacy	2020	11	4.0	138073.0	1.0	138073.0	39.0	40628.179487179485	0.0871398467275776	3540.333333333333
Ashdod	Ashdod-Legacy	2020	12	4.0	141625.0	1.0	141625.0	39.0	40628.179487179485	0.0893815647722087	3631.410256410256
Ashdod	Ashdod-Legacy	2021	1	1.0	133397.0	1.0	133397.0	39.0	41342.409399789845	0.0827343144024229	3420.435897435897
Ashdod	Ashdod-Legacy	2021	2	1.0	119323.0	1.0	119323.0	39.0	41342.409399789845	0.074005461872758	3059.564102564102
Ashdod	Ashdod-Legacy	2021	3	1.0	136831.0	1.0	136831.0	39.0	41342.409399789845	0.0848641196878335	3508.487179487179
Ashdod	Ashdod-Legacy	2021	4	2.0	130945.0	1.0	130945.0	39.0	41342.409399789845	0.08121355652245	3357.564102564102
Ashdod	Ashdod-Legacy	2021	5	2.0	139946.0	1.0	139946.0	39.0	41342.409399789845	0.0867960775981579	3588.358974358974
Ashdod	Ashdod-Legacy	2021	6	2.0	145913.0	1.0	145913.0	39.0	41342.409399789845	0.0904968778713219	3741.358974358974
Ashdod	Ashdod-Legacy	2021	7	3.0	153718.73848734246	0.979161274241945	150515.43585213055	39.0	41342.409399789845	0.0933513601670793	3859.3701500546294
Ashdod	Ashdod-Legacy	2021	8	3.0	155939.0567175931	0.979161274241945	152689.4854796854	39.0	41342.409399789845	0.0946997301110255	3915.115012299625
Ashdod	Ashdod-Legacy	2021	9	3.0	107603.72972445996	0.979161274241945	105361.40511018805	39.0	41342.409399789845	0.0653463242521746	2701.5744900048217
Ashdod	Ashdod-Legacy	2021	10	4.0	136624.0	0.962164857615926	131454.81150691828	39.0	41342.409399789845	0.0815297473325833	3370.636192485084
Ashdod	Ashdod-Legacy	2021	11	4.0	138218.42823376844	0.962164857615926	132988.9143214409	39.0	41342.409399789845	0.0824812150910963	3409.9721620882287
Ashdod	Ashdod-Legacy	2021	12	4.0	138218.42823376844	0.962164857615926	132988.9143214409	39.0	41342.409399789845	0.0824812150910963	3409.9721620882287
Ashdod	Ashdod-Legacy	2022	1	1.0	126939.33333333331	0.9466438036017204	120166.33333333331	37.0	38676.72972972973	0.0839713895521598	3247.738738738738
Ashdod	Ashdod-Legacy	2022	2	1.0	126939.33333333331	0.9466438036017204	120166.33333333331	37.0	38676.72972972973	0.0839713895521598	3247.738738738738
Ashdod	Ashdod-Legacy	2022	3	1.0	126939.33333333331	0.9466438036017204	120166.33333333331	37.0	38676.72972972973	0.0839713895521598	3247.738738738738
Ashdod	Ashdod-Legacy	2022	4	2.0	133588.33333333334	0.9336618716704304	124726.33333333334	37.0	38676.72972972973	0.0871578855176786	3370.981981981982
Ashdod	Ashdod-Legacy	2022	5	2.0	133588.33333333334	0.9336618716704304	124726.33333333334	37.0	38676.72972972973	0.0871578855176786	3370.981981981982
Ashdod	Ashdod-Legacy	2022	6	2.0	133588.33333333334	0.9336618716704304	124726.33333333334	37.0	38676.72972972973	0.0871578855176786	3370.981981981982
Ashdod	Ashdod-Legacy	2022	7	3.0	144892.66666666666	0.8612007048895964	124781.66666666666	37.0	38676.72972972973	0.0871965520622894	3372.477477477477
Ashdod	Ashdod-Legacy	2022	8	3.0	144892.66666666666	0.8612007048895964	124781.66666666666	37.0	38676.72972972973	0.0871965520622894	3372.477477477477
Ashdod	Ashdod-Legacy	2022	9	3.0	144892.66666666666	0.8612007048895964	124781.66666666666	37.0	38676.72972972973	0.0871965520622894	3372.477477477477
Ashdod	Ashdod-Legacy	2022	10	4.0	127004.41666666669	0.8451569597645227	107338.66666666669	37.0	38676.72972972973	0.0750075062012053	2901.045045045045
Ashdod	Ashdod-Legacy	2022	11	4.0	127004.41666666669	0.8451569597645227	107338.66666666669	37.0	38676.72972972973	0.0750075062012053	2901.045045045045
Ashdod	Ashdod-Legacy	2022	12	4.0	127004.41666666669	0.8451569597645227	107338.66666666669	37.0	38676.72972972973	0.0750075062012053	2901.045045045045
Ashdod	Ashdod-Legacy	2023	1	1.0	130372.0	0.7741718569426973	100930.33333333331	35.0	32058.428571428572	0.0899521261030826	2883.7238095238095
Ashdod	Ashdod-Legacy	2023	2	1.0	130372.0	0.7741718569426973	100930.33333333331	35.0	32058.428571428572	0.0899521261030826	2883.7238095238095
Ashdod	Ashdod-Legacy	2023	3	1.0	130372.0	0.7741718569426973	100930.33333333331	35.0	32058.428571428572	0.0899521261030826	2883.7238095238095
Ashdod	Ashdod-Legacy	2023	4	2.0	147049.91666666666	0.6587468314330904	96868.66666666666	35.0	32058.428571428572	0.0863322475182962	2767.67619047619
Ashdod	Ashdod-Legacy	2023	5	2.0	147049.91666666666	0.6587468314330904	96868.66666666666	35.0	32058.428571428572	0.0863322475182962	2767.67619047619
Ashdod	Ashdod-Legacy	2023	6	2.0	147049.91666666666	0.6587468314330904	96868.66666666666	35.0	32058.428571428572	0.0863322475182962	2767.67619047619
Ashdod	Ashdod-Legacy	2023	7	3.0	145760.75	0.6599719060172234	96198.0	35.0	32058.428571428572	0.0857345293637955	2748.5142857142855
Ashdod	Ashdod-Legacy	2023	8	3.0	145760.75	0.6599719060172234	96198.0	35.0	32058.428571428572	0.0857345293637955	2748.5142857142855
Ashdod	Ashdod-Legacy	2023	9	3.0	145760.75	0.6599719060172234	96198.0	35.0	32058.428571428572	0.0857345293637955	2748.5142857142855
Ashdod	Ashdod-Legacy	2023	10	4.0	109155.08333333331	0.7330670964323696	80018.0	35.0	32058.428571428572	0.0713144303481589	2286.2285714285717
Ashdod	Ashdod-Legacy	2023	11	4.0	109155.08333333331	0.7330670964323696	80018.0	35.0	32058.428571428572	0.0713144303481589	2286.2285714285717
Ashdod	Ashdod-Legacy	2023	12	4.0	109155.08333333331	0.7330670964323696	80018.0	35.0	32058.428571428572	0.0713144303481589	2286.2285714285717
Ashdod	Ashdod-Legacy	2024	1	1.0	127665.91666666669	0.733489948700743	93641.66666666669	38.0	30406.184210526317	0.0810445128169621	2464.2543859649127
Ashdod	Ashdod-Legacy	2024	2	1.0	127665.91666666669	0.733489948700743	93641.66666666669	38.0	30406.184210526317	0.0810445128169621	2464.2543859649127
Ashdod	Ashdod-Legacy	2024	3	1.0	127665.91666666669	0.733489948700743	93641.66666666669	38.0	30406.184210526317	0.0810445128169621	2464.2543859649127
Ashdod	Ashdod-Legacy	2024	4	2.0	149082.0	0.5865027300411854	87437.0	38.0	30406.184210526317	0.0756745295062032	2300.9736842105262
Ashdod	Ashdod-Legacy	2024	5	2.0	149082.0	0.5865027300411854	87437.0	38.0	30406.184210526317	0.0756745295062032	2300.9736842105262
Ashdod	Ashdod-Legacy	2024	6	2.0	149082.0	0.5865027300411854	87437.0	38.0	30406.184210526317	0.0756745295062032	2300.9736842105262
Ashdod	Ashdod-Legacy	2024	7	3.0	176031.5	0.5866942374896917	103276.66666666669	38.0	30406.184210526317	0.0893833635528322	2717.80701754386
Ashdod	Ashdod-Legacy	2024	8	3.0	176031.5	0.5866942374896917	103276.66666666669	38.0	30406.184210526317	0.0893833635528322	2717.80701754386
Ashdod	Ashdod-Legacy	2024	9	3.0	176031.5	0.5866942374896917	103276.66666666669	38.0	30406.184210526317	0.0893833635528322	2717.80701754386
Ashdod	Ashdod-Legacy	2024	10	4.0	163254.58333333334	0.6173772558708153	100789.66666666669	38.0	30406.184210526317	0.0872309274573357	2652.3596491228072
Ashdod	Ashdod-Legacy	2024	11	4.0	163254.58333333334	0.6173772558708153	100789.66666666669	38.0	30406.184210526317	0.0872309274573357	2652.3596491228072
Ashdod	Ashdod-Legacy	2024	12	4.0	163254.58333333334	0.6173772558708153	100789.66666666669	38.0	30406.184210526317	0.0872309274573357	2652.3596491228072
Haifa	Haifa-Bayport	2021	1	Q1	127132.0	0.0	0.0	43.16326530612245	811.6119880107861	0.0	0.0
Haifa	Haifa-Bayport	2021	2	Q1	122928.0	0.0	0.0	43.16326530612245	811.6119880107861	0.0	0.0
Haifa	Haifa-Bayport	2021	3	Q1	126274.0	0.0	0.0	43.16326530612245	811.6119880107861	0.0	0.0
Haifa	Haifa-Bayport	2021	4	Q2	121885.0	0.0	0.0	43.16326530612245	811.6119880107861	0.0	0.0
Haifa	Haifa-Bayport	2021	5	Q2	134011.0	0.0	0.0	43.16326530612245	811.6119880107861	0.0	0.0
Haifa	Haifa-Bayport	2021	6	Q2	130127.0	0.0	0.0	43.16326530612245	811.6119880107861	0.0	0.0
Haifa	Haifa-Bayport	2021	7	Q3	121035.79893309214	0.0204027890681352	2469.4678753251096	43.16326530612245	811.6119880107861	0.0704921304140451	57.212258104458805
Haifa	Haifa-Bayport	2021	8	Q3	128063.47336382238	0.0204027890681352	2612.8520343748264	43.16326530612245	811.6119880107861	0.0745850991625089	60.53416060726548
Haifa	Haifa-Bayport	2021	9	Q3	107400.86561765474	0.0204027890681352	2191.27720693215	43.16326530612245	811.6119880107861	0.0625510459916591	50.76717878944461
Haifa	Haifa-Bayport	2021	10	Q4	121087.0	0.0735679861620832	8908.126740408175	43.16326530612245	811.6119880107861	0.2542866980389551	206.38213252009487
Haifa	Haifa-Bayport	2021	11	Q4	128113.46817057543	0.0735679861620832	9425.049853549388	43.16326530612245	811.6119880107861	0.2690425131964158	218.35812899476124
Haifa	Haifa-Bayport	2021	12	Q4	128113.46817057543	0.0735679861620832	9425.049853549388	43.16326530612245	811.6119880107861	0.2690425131964158	218.35812899476124
Haifa	Haifa-Bayport	2022	1	Q1	135321.58333333334	0.1451885211680808	19647.140566289887	43.16326530612245	17202.336270397005	0.0264604744883461	455.1819800227918
Haifa	Haifa-Bayport	2022	2	Q1	135321.58333333334	0.1451885211680808	19647.140566289887	43.16326530612245	17202.336270397005	0.0264604744883461	455.1819800227918
Haifa	Haifa-Bayport	2022	3	Q1	135321.58333333334	0.1451885211680808	19647.140566289887	43.16326530612245	17202.336270397005	0.0264604744883461	455.1819800227918
Haifa	Haifa-Bayport	2022	4	Q2	140262.0	0.3224238119631796	45223.8087135795	43.16326530612245	17202.336270397005	0.0609067478646073	1047.7383579032603
Haifa	Haifa-Bayport	2022	5	Q2	140262.0	0.3224238119631796	45223.8087135795	43.16326530612245	17202.336270397005	0.0609067478646073	1047.7383579032603
Haifa	Haifa-Bayport	2022	6	Q2	140262.0	0.3224238119631796	45223.8087135795	43.16326530612245	17202.336270397005	0.0609067478646073	1047.7383579032603
Haifa	Haifa-Bayport	2022	7	Q3	121338.41666666669	0.5166227808863539	62686.19024668046	43.16326530612245	17202.336270397005	0.0844248216272179	1452.304171199689
Haifa	Haifa-Bayport	2022	8	Q3	121338.41666666669	0.5166227808863539	62686.19024668046	43.16326530612245	17202.336270397005	0.0844248216272179	1452.304171199689
Haifa	Haifa-Bayport	2022	9	Q3	121338.41666666669	0.5166227808863539	62686.19024668046	43.16326530612245	17202.336270397005	0.0844248216272179	1452.304171199689
Haifa	Haifa-Bayport	2022	10	Q4	110014.08333333331	1.0902773379609103	119945.86191487644	43.16326530612245	17202.336270397005	0.1615412893531618	2778.887581006594
Haifa	Haifa-Bayport	2022	11	Q4	110014.08333333331	1.0902773379609103	119945.86191487644	43.16326530612245	17202.336270397005	0.1615412893531618	2778.887581006594
Haifa	Haifa-Bayport	2022	12	Q4	110014.08333333331	1.0902773379609103	119945.86191487644	43.16326530612245	17202.336270397005	0.1615412893531618	2778.887581006594
Haifa	Haifa-Bayport	2023	1	1.0	130785.33333333331	0.5660318690169132	74028.66666666666	45.0	18062.027777777777	0.0910795566102202	1645.0814814814814
Haifa	Haifa-Bayport	2023	2	1.0	130785.33333333331	0.5660318690169132	74028.66666666666	45.0	18062.027777777777	0.0910795566102202	1645.0814814814814
Haifa	Haifa-Bayport	2023	3	1.0	130785.33333333331	0.5660318690169132	74028.66666666666	45.0	18062.027777777777	0.0910795566102202	1645.0814814814814
Haifa	Haifa-Bayport	2023	4	2.0	141038.91666666666	0.5472880712002066	77188.91666666667	45.0	18062.027777777777	0.0949677013214237	1715.3092592592593
Haifa	Haifa-Bayport	2023	5	2.0	141038.91666666666	0.5472880712002066	77188.91666666667	45.0	18062.027777777777	0.0949677013214237	1715.3092592592593
Haifa	Haifa-Bayport	2023	6	2.0	141038.91666666666	0.5472880712002066	77188.91666666667	45.0	18062.027777777777	0.0949677013214237	1715.3092592592593
Haifa	Haifa-Bayport	2023	7	3.0	130350.5	0.5473818665827902	71351.5	45.0	18062.027777777777	0.0877857629495888	1585.588888888889
Haifa	Haifa-Bayport	2023	8	3.0	130350.5	0.5473818665827902	71351.5	45.0	18062.027777777777	0.0877857629495888	1585.588888888889
Haifa	Haifa-Bayport	2023	9	3.0	130350.5	0.5473818665827902	71351.5	45.0	18062.027777777777	0.0877857629495888	1585.588888888889
Haifa	Haifa-Bayport	2023	10	4.0	112786.33333333331	0.4287871757511992	48361.333333333336	45.0	18062.027777777777	0.0595003124521005	1074.6962962962964
Haifa	Haifa-Bayport	2023	11	4.0	112786.33333333331	0.4287871757511992	48361.333333333336	45.0	18062.027777777777	0.0595003124521005	1074.6962962962964
Haifa	Haifa-Bayport	2023	12	4.0	112786.33333333331	0.4287871757511992	48361.333333333336	45.0	18062.027777777777	0.0595003124521005	1074.6962962962964
Haifa	Haifa-Bayport	2024	1	1.0	108251.91666666669	0.4923169181761985	53294.25	50.0	11265.28	0.0946168226621974	1065.885
Haifa	Haifa-Bayport	2024	2	1.0	108251.91666666669	0.4923169181761985	53294.25	50.0	11265.28	0.0946168226621974	1065.885
Haifa	Haifa-Bayport	2024	3	1.0	108251.91666666669	0.4923169181761985	53294.25	50.0	11265.28	0.0946168226621974	1065.885
Haifa	Haifa-Bayport	2024	4	2.0	93571.83333333331	0.473032304949317	44262.5	50.0	11265.28	0.0785821568571753	885.25
Haifa	Haifa-Bayport	2024	5	2.0	93571.83333333331	0.473032304949317	44262.5	50.0	11265.28	0.0785821568571753	885.25
Haifa	Haifa-Bayport	2024	6	2.0	93571.83333333331	0.473032304949317	44262.5	50.0	11265.28	0.0785821568571753	885.25
Haifa	Haifa-Bayport	2024	7	3.0	100685.58333333331	0.4282200281900669	43115.58333333333	50.0	11265.28	0.076545959502708	862.3116666666665
Haifa	Haifa-Bayport	2024	8	3.0	100685.58333333331	0.4282200281900669	43115.58333333333	50.0	11265.28	0.076545959502708	862.3116666666665
Haifa	Haifa-Bayport	2024	9	3.0	100685.58333333331	0.4282200281900669	43115.58333333333	50.0	11265.28	0.076545959502708	862.3116666666665
Haifa	Haifa-Bayport	2024	10	4.0	101168.66666666669	0.4653845393501282	47082.333333333336	50.0	11265.28	0.0835883943112525	941.6466666666668
Haifa	Haifa-Bayport	2024	11	4.0	101168.66666666669	0.4653845393501282	47082.333333333336	50.0	11265.28	0.0835883943112525	941.6466666666668
Haifa	Haifa-Bayport	2024	12	4.0	101168.66666666669	0.4653845393501282	47082.333333333336	50.0	11265.28	0.0835883943112525	941.6466666666668
Haifa	Haifa-Legacy	2018	1	1.0	112403.0	1.0	112403.0	54.0	27206.48148148148	0.0765088656706258	2081.537037037037
Haifa	Haifa-Legacy	2018	2	1.0	112638.0	1.0	112638.0	54.0	27206.48148148148	0.0766688221080216	2085.8888888888887
Haifa	Haifa-Legacy	2018	3	1.0	126799.0	1.0	126799.0	54.0	27206.48148148148	0.0863077289589218	2348.12962962963
Haifa	Haifa-Legacy	2018	4	2.0	130683.0	1.0	130683.0	54.0	27206.48148148148	0.0889514345029438	2420.0555555555557
Haifa	Haifa-Legacy	2018	5	2.0	127879.0	1.0	127879.0	54.0	27206.48148148148	0.0870428479052513	2368.1296296296296
Haifa	Haifa-Legacy	2018	6	2.0	131558.0	1.0	131558.0	54.0	27206.48148148148	0.0895470169826089	2436.259259259259
Haifa	Haifa-Legacy	2018	7	3.0	135914.0	1.0	135914.0	54.0	27206.48148148148	0.0925119967328046	2516.9259259259256
Haifa	Haifa-Legacy	2018	8	3.0	127701.0	1.0	127701.0	54.0	27206.48148148148	0.0869216894122451	2364.8333333333335
Haifa	Haifa-Legacy	2018	9	3.0	111052.0	1.0	111052.0	54.0	27206.48148148148	0.0755892863220229	2056.5185185185187
Haifa	Haifa-Legacy	2018	10	4.0	121552.0	1.0	121552.0	54.0	27206.48148148148	0.0827362760780043	2250.962962962963
Haifa	Haifa-Legacy	2018	11	4.0	119024.0	1.0	119024.0	54.0	27206.48148148148	0.0810155532110404	2204.1481481481483
Haifa	Haifa-Legacy	2018	12	4.0	111947.0	1.0	111947.0	54.0	27206.48148148148	0.0761984821155089	2073.0925925925926
Haifa	Haifa-Legacy	2019	1	1.0	123013.0	1.0	123013.0	56.0	24627.76785714286	0.0891944705272431	2196.6607142857147
Haifa	Haifa-Legacy	2019	2	1.0	106443.0	1.0	106443.0	56.0	24627.76785714286	0.0771798673825639	1900.767857142857
Haifa	Haifa-Legacy	2019	3	1.0	125746.0	1.0	125746.0	56.0	24627.76785714286	0.0911761187103697	2245.464285714286
Haifa	Haifa-Legacy	2019	4	2.0	127316.0	1.0	127316.0	56.0	24627.76785714286	0.0923144969202156	2273.5
Haifa	Haifa-Legacy	2019	5	2.0	118131.0	1.0	118131.0	56.0	24627.76785714286	0.085654621851786	2109.482142857143
Haifa	Haifa-Legacy	2019	6	2.0	112027.0	1.0	112027.0	56.0	24627.76785714286	0.0812287233849712	2000.4821428571431
Haifa	Haifa-Legacy	2019	7	3.0	116265.0	1.0	116265.0	56.0	24627.76785714286	0.0843016194698928	2076.1607142857147
Haifa	Haifa-Legacy	2019	8	3.0	104006.0	1.0	104006.0	56.0	24627.76785714286	0.0754128433714847	1857.25
Haifa	Haifa-Legacy	2019	9	3.0	102448.0	1.0	102448.0	56.0	24627.76785714286	0.0742831661415867	1829.4285714285716
Haifa	Haifa-Legacy	2019	10	4.0	115624.0	1.0	115624.0	56.0	24627.76785714286	0.0838368421243442	2064.714285714286
Haifa	Haifa-Legacy	2019	11	4.0	112713.0	1.0	112713.0	56.0	24627.76785714286	0.0817261294053242	2012.732142857143
Haifa	Haifa-Legacy	2019	12	4.0	115423.0	1.0	115423.0	56.0	24627.76785714286	0.0836911007102174	2061.125
Haifa	Haifa-Legacy	2020	1	1.0	124007.0	1.0	124007.0	52.0	28162.19230769231	0.084679132005949	2384.75
Haifa	Haifa-Legacy	2020	2	1.0	120547.0	1.0	120547.0	52.0	28162.19230769231	0.0823164444420165	2318.2115384615386
Haifa	Haifa-Legacy	2020	3	1.0	129194.0	1.0	129194.0	52.0	28162.19230769231	0.0882211147788155	2484.5
Haifa	Haifa-Legacy	2020	4	2.0	132637.0	1.0	132637.0	52.0	28162.19230769231	0.0905721937622316	2550.7115384615386
Haifa	Haifa-Legacy	2020	5	2.0	120993.0	1.0	120993.0	52.0	28162.19230769231	0.0826209989661534	2326.7884615384614
Haifa	Haifa-Legacy	2020	6	2.0	112028.0	1.0	112028.0	52.0	28162.19230769231	0.0764991798879294	2154.3846153846152
Haifa	Haifa-Legacy	2020	7	3.0	124557.0	1.0	124557.0	52.0	28162.19230769231	0.0850547037285394	2395.326923076923
Haifa	Haifa-Legacy	2020	8	3.0	113777.0	1.0	113777.0	52.0	28162.19230769231	0.0776934979657669	2188.019230769231
Haifa	Haifa-Legacy	2020	9	3.0	113342.0	1.0	113342.0	52.0	28162.19230769231	0.0773964548760818	2179.653846153846
Haifa	Haifa-Legacy	2020	10	4.0	132974.0	1.0	132974.0	52.0	28162.19230769231	0.090802316799528	2557.1923076923076
Haifa	Haifa-Legacy	2020	11	4.0	125407.0	1.0	125407.0	52.0	28162.19230769231	0.085635132754361	2411.673076923077
Haifa	Haifa-Legacy	2020	12	4.0	114971.0	1.0	114971.0	52.0	28162.19230769231	0.0785088300326269	2210.9807692307695
Haifa	Haifa-Legacy	2021	1	1.0	127132.0	1.0	127132.0	47.0	31131.63537332866	0.0868870567760202	2704.936170212766
Haifa	Haifa-Legacy	2021	2	1.0	122928.0	1.0	122928.0	47.0	31131.63537332866	0.0840138762495879	2615.489361702128
Haifa	Haifa-Legacy	2021	3	1.0	126274.0	1.0	126274.0	47.0	31131.63537332866	0.0863006655077806	2686.68085106383
Haifa	Haifa-Legacy	2021	4	2.0	121885.0	1.0	121885.0	47.0	31131.63537332866	0.0833010486356324	2593.2978723404253
Haifa	Haifa-Legacy	2021	5	2.0	134011.0	1.0	134011.0	47.0	31131.63537332866	0.0915884385175348	2851.297872340426
Haifa	Haifa-Legacy	2021	6	2.0	130127.0	1.0	130127.0	47.0	31131.63537332866	0.0889339586972059	2768.6595744680853
Haifa	Haifa-Legacy	2021	7	3.0	121035.79893309214	0.9800051614061466	118615.70766934688	47.0	31131.63537332866	0.0810666844444699	2523.7384610499334
Haifa	Haifa-Legacy	2021	8	3.0	128063.47336382238	0.9800051614061466	125502.86488414452	47.0	31131.63537332866	0.0857736411504723	2670.273720939245
Haifa	Haifa-Legacy	2021	9	3.0	107400.86561765474	0.9800051614061466	105253.4026447896	47.0	31131.63537332866	0.0719343546193495	2239.4340988253102
Haifa	Haifa-Legacy	2021	10	4.0	121087.0	0.9314733793198484	112789.3170817025	47.0	31131.63537332866	0.0770846977708714	2399.772703866011
Haifa	Haifa-Legacy	2021	11	4.0	128113.46817057543	0.9314733793198484	119334.28513323177	47.0	31131.63537332866	0.0815577888155373	2539.0273432602503
Haifa	Haifa-Legacy	2021	12	4.0	128113.46817057543	0.9314733793198484	119334.28513323177	47.0	31131.63537332866	0.0815577888155373	2539.0273432602503
Haifa	Haifa-Legacy	2022	1	1.0	135321.58333333334	0.8732186723108348	118165.33333333334	47.0	22778.72340425532	0.1103729995641073	2514.1560283687945
Haifa	Haifa-Legacy	2022	2	1.0	135321.58333333334	0.8732186723108348	118165.33333333334	47.0	22778.72340425532	0.1103729995641073	2514.1560283687945
Haifa	Haifa-Legacy	2022	3	1.0	135321.58333333334	0.8732186723108348	118165.33333333334	47.0	22778.72340425532	0.1103729995641073	2514.1560283687945
Haifa	Haifa-Legacy	2022	4	2.0	140262.0	0.7561872305637545	106064.33333333331	47.0	22778.72340425532	0.0990699919048508	2256.6879432624114
Haifa	Haifa-Legacy	2022	5	2.0	140262.0	0.7561872305637545	106064.33333333331	47.0	22778.72340425532	0.0990699919048508	2256.6879432624114
Haifa	Haifa-Legacy	2022	6	2.0	140262.0	0.7561872305637545	106064.33333333331	47.0	22778.72340425532	0.0990699919048508	2256.6879432624114
Haifa	Haifa-Legacy	2022	7	3.0	121338.41666666669	0.6593597383626099	80005.66666666667	47.0	22778.72340425532	0.0747297465595616	1702.2482269503548
Haifa	Haifa-Legacy	2022	8	3.0	121338.41666666669	0.6593597383626099	80005.66666666667	47.0	22778.72340425532	0.0747297465595616	1702.2482269503548
Haifa	Haifa-Legacy	2022	9	3.0	121338.41666666669	0.6593597383626099	80005.66666666667	47.0	22778.72340425532	0.0747297465595616	1702.2482269503548
Haifa	Haifa-Legacy	2022	10	4.0	110014.08333333331	0.4784054162762495	52631.333333333336	47.0	22778.72340425532	0.0491605953048135	1119.8156028368796
Haifa	Haifa-Legacy	2022	11	4.0	110014.08333333331	0.4784054162762495	52631.333333333336	47.0	22778.72340425532	0.0491605953048135	1119.8156028368796
Haifa	Haifa-Legacy	2022	12	4.0	110014.08333333331	0.4784054162762495	52631.333333333336	47.0	22778.72340425532	0.0491605953048135	1119.8156028368796
Haifa	Haifa-Legacy	2023	1	1.0	130785.33333333331	0.4339681309830868	56756.666666666664	49.0	14940.65306122449	0.0775266860813486	1158.299319727891
Haifa	Haifa-Legacy	2023	2	1.0	130785.33333333331	0.4339681309830868	56756.666666666664	49.0	14940.65306122449	0.0775266860813486	1158.299319727891
Haifa	Haifa-Legacy	2023	3	1.0	130785.33333333331	0.4339681309830868	56756.666666666664	49.0	14940.65306122449	0.0775266860813486	1158.299319727891
Haifa	Haifa-Legacy	2023	4	2.0	141038.91666666666	0.4527119287997934	63849.99999999999	49.0	14940.65306122449	0.0872158144058397	1303.061224489796
Haifa	Haifa-Legacy	2023	5	2.0	141038.91666666666	0.4527119287997934	63849.99999999999	49.0	14940.65306122449	0.0872158144058397	1303.061224489796
Haifa	Haifa-Legacy	2023	6	2.0	141038.91666666666	0.4527119287997934	63849.99999999999	49.0	14940.65306122449	0.0872158144058397	1303.061224489796
Haifa	Haifa-Legacy	2023	7	3.0	130350.5	0.4526181334172097	58999.0	49.0	14940.65306122449	0.080589598028663	1204.061224489796
Haifa	Haifa-Legacy	2023	8	3.0	130350.5	0.4526181334172097	58999.0	49.0	14940.65306122449	0.080589598028663	1204.061224489796
Haifa	Haifa-Legacy	2023	9	3.0	130350.5	0.4526181334172097	58999.0	49.0	14940.65306122449	0.080589598028663	1204.061224489796
Haifa	Haifa-Legacy	2023	10	4.0	112786.33333333331	0.5712128242488008	64424.99999999999	49.0	14940.65306122449	0.0880012348174819	1314.7959183673468
Haifa	Haifa-Legacy	2023	11	4.0	112786.33333333331	0.5712128242488008	64424.99999999999	49.0	14940.65306122449	0.0880012348174819	1314.7959183673468
Haifa	Haifa-Legacy	2023	12	4.0	112786.33333333331	0.5712128242488008	64424.99999999999	49.0	14940.65306122449	0.0880012348174819	1314.7959183673468
Haifa	Haifa-Legacy	2024	1	1.0	108251.91666666669	0.5076830818238014	54957.666666666664	41.0	15799.268292682927	0.0848413274258867	1340.430894308943
Haifa	Haifa-Legacy	2024	2	1.0	108251.91666666669	0.5076830818238014	54957.666666666664	41.0	15799.268292682927	0.0848413274258867	1340.430894308943
Haifa	Haifa-Legacy	2024	3	1.0	108251.91666666669	0.5076830818238014	54957.666666666664	41.0	15799.268292682927	0.0848413274258867	1340.430894308943
Haifa	Haifa-Legacy	2024	4	2.0	93571.83333333331	0.526967695050683	49309.33333333333	41.0	15799.268292682927	0.0761216686992811	1202.6666666666667
Haifa	Haifa-Legacy	2024	5	2.0	93571.83333333331	0.526967695050683	49309.33333333333	41.0	15799.268292682927	0.0761216686992811	1202.6666666666667
Haifa	Haifa-Legacy	2024	6	2.0	93571.83333333331	0.526967695050683	49309.33333333333	41.0	15799.268292682927	0.0761216686992811	1202.6666666666667
Haifa	Haifa-Legacy	2024	7	3.0	100685.58333333331	0.5717799718099331	57570.0	41.0	15799.268292682927	0.0888741374253207	1404.1463414634147
Haifa	Haifa-Legacy	2024	8	3.0	100685.58333333331	0.5717799718099331	57570.0	41.0	15799.268292682927	0.0888741374253207	1404.1463414634147
Haifa	Haifa-Legacy	2024	9	3.0	100685.58333333331	0.5717799718099331	57570.0	41.0	15799.268292682927	0.0888741374253207	1404.1463414634147
Haifa	Haifa-Legacy	2024	10	4.0	101168.66666666669	0.5346154606498719	54086.333333333336	41.0	15799.268292682927	0.0834961997828447	1319.178861788618
Haifa	Haifa-Legacy	2024	11	4.0	101168.66666666669	0.5346154606498719	54086.333333333336	41.0	15799.268292682927	0.0834961997828447	1319.178861788618
Haifa	Haifa-Legacy	2024	12	4.0	101168.66666666669	0.5346154606498719	54086.333333333336	41.0	15799.268292682927	0.0834961997828447	1319.178861788618
