model	reform	target	fe_type	spec_name	event_time	j	beta_hat	se	tvalue	pvalue	N_m	n_obs	treated_n	control_n	cov_type	cluster_by	r2
1B	haifa_comp	Haifa-Bayport K/L (SIPG central)	baseline	baseline	-12	-12					0	482	34	448	HC1		0.8497883418321723
1B	haifa_comp	Haifa-Bayport K/L (SIPG central)	baseline	baseline	-11	-11					0	482	34	448	HC1		0.8497883418321723
1B	haifa_comp	Haifa-Bayport K/L (SIPG central)	baseline	baseline	-10	-10					0	482	34	448	HC1		0.8497883418321723
1B	haifa_comp	Haifa-Bayport K/L (SIPG central)	baseline	baseline	-9	-9	-3.1471846854843997	0.5624078888251925	-5.595911344804423	2.1946583488061063e-08	1	482	34	448	HC1		0.8497883418321723
1B	haifa_comp	Haifa-Bayport K/L (SIPG central)	baseline	baseline	-8	-8	-2.7450353670555807	0.506656284912524	-5.417943976614286	6.028829951456722e-08	1	482	34	448	HC1		0.8497883418321723
1B	haifa_comp	Haifa-Bayport K/L (SIPG central)	baseline	baseline	-7	-7	-2.342922464138099	0.4512379145123337	-5.192211001750961	2.078112928517731e-07	1	482	34	448	HC1		0.8497883418321723
1B	haifa_comp	Haifa-Bayport K/L (SIPG central)	baseline	baseline	-6	-6	-1.979728432559031	0.4015786966483463	-4.92986418124823	8.22868045471431e-07	1	482	34	448	HC1		0.8497883418321723
1B	haifa_comp	Haifa-Bayport K/L (SIPG central)	baseline	baseline	-5	-5	-1.5777521194510726	0.3472544613265408	-4.543504245917903	5.532669046053849e-06	1	482	34	448	HC1		0.8497883418321723
1B	haifa_comp	Haifa-Bayport K/L (SIPG central)	baseline	baseline	-4	-4	-1.1888585919127688	0.2956729110537113	-4.020857330744119	5.798671758352381e-05	1	482	34	448	HC1		0.8497883418321723
1B	haifa_comp	Haifa-Bayport K/L (SIPG central)	baseline	baseline	-3	-3	-0.7872312873680043	0.2440606751765847	-3.225555640204717	0.0012572839458684	1	482	34	448	HC1		0.8497883418321723
1B	haifa_comp	Haifa-Bayport K/L (SIPG central)	baseline	baseline	-2	-2	-0.4007431011197582	0.1968995581955291	-2.035266634381192	0.0418240514964238	1	482	34	448	HC1		0.8497883418321723
1B	haifa_comp	Haifa-Bayport K/L (SIPG central)	baseline	baseline	0	0	0.3998639336837231	0.1227924911677462	3.256420078142	0.001128266890512	1	482	34	448	HC1		0.8497883418321723
1B	haifa_comp	Haifa-Bayport K/L (SIPG central)	baseline	baseline	1	1	0.7805138115707709	0.1121488478502109	6.959623986625763	3.411821321913702e-12	1	482	34	448	HC1		0.8497883418321723
1B	haifa_comp	Haifa-Bayport K/L (SIPG central)	baseline	baseline	2	2	1.1768753029109904	0.1284106714030694	9.164933802245187	4.9577393109483197e-20	1	482	34	448	HC1		0.8497883418321723
1B	haifa_comp	Haifa-Bayport K/L (SIPG central)	baseline	baseline	3	3	1.557303411605405	0.1619658655625707	9.615009966428929	6.910265838696973e-22	1	482	34	448	HC1		0.8497883418321723
1B	haifa_comp	Haifa-Bayport K/L (SIPG central)	baseline	baseline	4	4	1.5705881169665998	0.1623041305885265	9.676821601961288	3.7829384348410083e-22	1	482	34	448	HC1		0.8497883418321723
1B	haifa_comp	Haifa-Bayport K/L (SIPG central)	baseline	baseline	5	5	1.590849859271108	0.1644354321451798	9.6746171948303	3.8653548892160495e-22	1	482	34	448	HC1		0.8497883418321723
1B	haifa_comp	Haifa-Bayport K/L (SIPG central)	baseline	baseline	6	6	1.609180174609818	0.1663856193684596	9.671389755422922	3.9892346994394537e-22	1	482	34	448	HC1		0.8497883418321723
1B	haifa_comp	Haifa-Bayport K/L (SIPG central)	baseline	baseline	7	7	1.6114998802983795	0.1654329872152616	9.741103678442885	2.0135542155675177e-22	1	482	34	448	HC1		0.8497883418321723
1B	haifa_comp	Haifa-Bayport K/L (SIPG central)	baseline	baseline	8	8	1.6310799301707188	0.1675409058642354	9.735413102591451	2.129506701637634e-22	1	482	34	448	HC1		0.8497883418321723
1B	haifa_comp	Haifa-Bayport K/L (SIPG central)	baseline	baseline	9	9	1.6512826939845286	0.1697384342663932	9.72839593531863	2.281623674110955e-22	1	482	34	448	HC1		0.8497883418321723
1B	haifa_comp	Haifa-Bayport K/L (SIPG central)	baseline	baseline	10	10	1.651205095340985	0.1707370569306895	9.671041102760071	4.002850053571293e-22	1	482	34	448	HC1		0.8497883418321723
1B	haifa_comp	Haifa-Bayport K/L (SIPG central)	baseline	baseline	11	11	1.671376298226401	0.1729244223173687	9.665357130174009	4.2314145619975314e-22	1	482	34	448	HC1		0.8497883418321723
1B	haifa_comp	Haifa-Bayport K/L (SIPG central)	baseline	baseline	12	12	1.6915310344923866	0.1751316926414605	9.658623227923597	4.518960569824095e-22	1	482	34	448	HC1		0.8497883418321723
1B	haifa_comp	Haifa-Bayport K/L (SIPG central)	baseline	baseline	13	13	1.6584853294251325	0.1854709486871091	8.942022139666788	3.821130149386847e-19	1	482	34	448	HC1		0.8497883418321723
1B	haifa_comp	Haifa-Bayport K/L (SIPG central)	baseline	baseline	14	14	1.678606863460574	0.1874573768732373	8.954605529318183	3.409525021121089e-19	1	482	34	448	HC1		0.8497883418321723
1B	haifa_comp	Haifa-Bayport K/L (SIPG central)	baseline	baseline	15	15	1.698077143575862	0.1894015077787279	8.965489047530045	3.0890698082307287e-19	1	482	34	448	HC1		0.8497883418321723
1B	haifa_comp	Haifa-Bayport K/L (SIPG central)	baseline	baseline	16	16	1.7271613563220365	0.1828216874610618	9.447245457079015	3.47864329794184e-21	1	482	34	448	HC1		0.8497883418321723
1B	haifa_comp	Haifa-Bayport K/L (SIPG central)	baseline	baseline	17	17	1.7259424231705018	0.1826619114364535	9.448835882629762	3.4261980213341864e-21	1	482	34	448	HC1		0.8497883418321723
1B	haifa_comp	Haifa-Bayport K/L (SIPG central)	baseline	baseline	18	18	1.7248824622188912	0.182522618167322	9.450239534903329	3.38056192451082e-21	1	482	34	448	HC1		0.8497883418321723
1B	haifa_comp	Haifa-Bayport K/L (SIPG central)	baseline	baseline	19	19	1.7273147424093265	0.18196396328344	9.492619919026152	2.252992139241193e-21	1	482	34	448	HC1		0.8497883418321723
1B	haifa_comp	Haifa-Bayport K/L (SIPG central)	baseline	baseline	20	20	1.7261424735942508	0.1818181889737047	9.49378323113697	2.2279806883043594e-21	1	482	34	448	HC1		0.8497883418321723
1B	haifa_comp	Haifa-Bayport K/L (SIPG central)	baseline	baseline	21	21	1.724913653048506	0.1816680316175137	9.494866200125744	2.2049436015122637e-21	1	482	34	448	HC1		0.8497883418321723
1B	haifa_comp	Haifa-Bayport K/L (SIPG central)	baseline	baseline	22	22	1.7237186248723355	0.1815274258299072	9.495637460796004	2.1886810456431393e-21	1	482	34	448	HC1		0.8497883418321723
1B	haifa_comp	Haifa-Bayport K/L (SIPG central)	baseline	baseline	23	23	1.7224847437060935	0.1813807604205776	9.496512969248077	2.1703641163472985e-21	1	482	34	448	HC1		0.8497883418321723
1B	haifa_comp	Haifa-Bayport K/L (SIPG central)	baseline	baseline	24	24	1.6921204225914876	0.179009573476753	9.45268115959862	3.302607070087047e-21	1	482	34	448	HC1		0.8497883418321723
1B	haifa_comp	Haifa-Bayport K/L (SIPG central)	porttr	porttr	-12	-12					0	482	34	448	HC1		0.8497883418321723
1B	haifa_comp	Haifa-Bayport K/L (SIPG central)	porttr	porttr	-11	-11					0	482	34	448	HC1		0.8497883418321723
1B	haifa_comp	Haifa-Bayport K/L (SIPG central)	porttr	porttr	-10	-10					0	482	34	448	HC1		0.8497883418321723
1B	haifa_comp	Haifa-Bayport K/L (SIPG central)	porttr	porttr	-9	-9	-3.147184685484397	0.5624078888251923	-5.59591134480442	2.1946583488061543e-08	1	482	34	448	HC1		0.8497883418321723
1B	haifa_comp	Haifa-Bayport K/L (SIPG central)	porttr	porttr	-8	-8	-2.7450353670555736	0.5066562849125231	-5.417943976614281	6.028829951456876e-08	1	482	34	448	HC1		0.8497883418321723
1B	haifa_comp	Haifa-Bayport K/L (SIPG central)	porttr	porttr	-7	-7	-2.342922464138097	0.4512379145123337	-5.192211001750957	2.0781129285177737e-07	1	482	34	448	HC1		0.8497883418321723
1B	haifa_comp	Haifa-Bayport K/L (SIPG central)	porttr	porttr	-6	-6	-1.9797284325590303	0.4015786966483461	-4.929864181248231	8.228680454714285e-07	1	482	34	448	HC1		0.8497883418321723
1B	haifa_comp	Haifa-Bayport K/L (SIPG central)	porttr	porttr	-5	-5	-1.5777521194510682	0.3472544613265405	-4.543504245917895	5.532669046054053e-06	1	482	34	448	HC1		0.8497883418321723
1B	haifa_comp	Haifa-Bayport K/L (SIPG central)	porttr	porttr	-4	-4	-1.1888585919127634	0.2956729110537107	-4.020857330744108	5.798671758352643e-05	1	482	34	448	HC1		0.8497883418321723
1B	haifa_comp	Haifa-Bayport K/L (SIPG central)	porttr	porttr	-3	-3	-0.7872312873679895	0.2440606751765845	-3.225555640204659	0.0012572839458687	1	482	34	448	HC1		0.8497883418321723
1B	haifa_comp	Haifa-Bayport K/L (SIPG central)	porttr	porttr	-2	-2	-0.4007431011197635	0.1968995581955286	-2.035266634381224	0.0418240514964206	1	482	34	448	HC1		0.8497883418321723
1B	haifa_comp	Haifa-Bayport K/L (SIPG central)	porttr	porttr	0	0	0.3998639336837217	0.1227924911677459	3.2564200781419967	0.001128266890512	1	482	34	448	HC1		0.8497883418321723
1B	haifa_comp	Haifa-Bayport K/L (SIPG central)	porttr	porttr	1	1	0.7805138115707716	0.1121488478502107	6.959623986625776	3.411821321913368e-12	1	482	34	448	HC1		0.8497883418321723
1B	haifa_comp	Haifa-Bayport K/L (SIPG central)	porttr	porttr	2	2	1.176875302910993	0.1284106714030695	9.1649338022452	4.9577393109477485e-20	1	482	34	448	HC1		0.8497883418321723
1B	haifa_comp	Haifa-Bayport K/L (SIPG central)	porttr	porttr	3	3	1.5573034116054043	0.1619658655625709	9.615009966428907	6.910265838698264e-22	1	482	34	448	HC1		0.8497883418321723
1B	haifa_comp	Haifa-Bayport K/L (SIPG central)	porttr	porttr	4	4	1.5705881169665914	0.1623041305885264	9.676821601961242	3.7829384348427193e-22	1	482	34	448	HC1		0.8497883418321723
1B	haifa_comp	Haifa-Bayport K/L (SIPG central)	porttr	porttr	5	5	1.5908498592711118	0.1644354321451803	9.674617194830294	3.865354889216245e-22	1	482	34	448	HC1		0.8497883418321723
1B	haifa_comp	Haifa-Bayport K/L (SIPG central)	porttr	porttr	6	6	1.6091801746098158	0.1663856193684596	9.671389755422906	3.989234699440084e-22	1	482	34	448	HC1		0.8497883418321723
1B	haifa_comp	Haifa-Bayport K/L (SIPG central)	porttr	porttr	7	7	1.6114998802983804	0.1654329872152617	9.74110367844288	2.0135542155676033e-22	1	482	34	448	HC1		0.8497883418321723
1B	haifa_comp	Haifa-Bayport K/L (SIPG central)	porttr	porttr	8	8	1.6310799301707242	0.1675409058642356	9.735413102591473	2.1295067016371913e-22	1	482	34	448	HC1		0.8497883418321723
1B	haifa_comp	Haifa-Bayport K/L (SIPG central)	porttr	porttr	9	9	1.651282693984531	0.1697384342663936	9.728395935318623	2.2816236741110696e-22	1	482	34	448	HC1		0.8497883418321723
1B	haifa_comp	Haifa-Bayport K/L (SIPG central)	porttr	porttr	10	10	1.6512050953409745	0.1707370569306899	9.671041102759988	4.002850053574569e-22	1	482	34	448	HC1		0.8497883418321723
1B	haifa_comp	Haifa-Bayport K/L (SIPG central)	porttr	porttr	11	11	1.671376298226397	0.172924422317369	9.66535713017397	4.231414561999144e-22	1	482	34	448	HC1		0.8497883418321723
1B	haifa_comp	Haifa-Bayport K/L (SIPG central)	porttr	porttr	12	12	1.6915310344923835	0.1751316926414607	9.658623227923568	4.518960569825361e-22	1	482	34	448	HC1		0.8497883418321723
1B	haifa_comp	Haifa-Bayport K/L (SIPG central)	porttr	porttr	13	13	1.6584853294251307	0.1854709486871092	8.94202213966677	3.8211301493874523e-19	1	482	34	448	HC1		0.8497883418321723
1B	haifa_comp	Haifa-Bayport K/L (SIPG central)	porttr	porttr	14	14	1.6786068634605873	0.1874573768732372	8.95460552931826	3.409525021118758e-19	1	482	34	448	HC1		0.8497883418321723
1B	haifa_comp	Haifa-Bayport K/L (SIPG central)	porttr	porttr	15	15	1.6980771435758522	0.1894015077787275	8.965489047530012	3.0890698082316623e-19	1	482	34	448	HC1		0.8497883418321723
1B	haifa_comp	Haifa-Bayport K/L (SIPG central)	porttr	porttr	16	16	1.7271613563220112	0.1828216874610621	9.447245457078864	3.478643297946938e-21	1	482	34	448	HC1		0.8497883418321723
1B	haifa_comp	Haifa-Bayport K/L (SIPG central)	porttr	porttr	17	17	1.7259424231705	0.1826619114364541	9.44883588262972	3.426198021335566e-21	1	482	34	448	HC1		0.8497883418321723
1B	haifa_comp	Haifa-Bayport K/L (SIPG central)	porttr	porttr	18	18	1.7248824622188894	0.1825226181673223	9.450239534903302	3.3805619245117176e-21	1	482	34	448	HC1		0.8497883418321723
1B	haifa_comp	Haifa-Bayport K/L (SIPG central)	porttr	porttr	19	19	1.7273147424093245	0.1819639632834403	9.492619919026128	2.2529921392417263e-21	1	482	34	448	HC1		0.8497883418321723
1B	haifa_comp	Haifa-Bayport K/L (SIPG central)	porttr	porttr	20	20	1.726142473594264	0.1818181889737052	9.493783231137016	2.227980688303367e-21	1	482	34	448	HC1		0.8497883418321723
1B	haifa_comp	Haifa-Bayport K/L (SIPG central)	porttr	porttr	21	21	1.7249136530485	0.1816680316175139	9.4948662001257	2.2049436015132293e-21	1	482	34	448	HC1		0.8497883418321723
1B	haifa_comp	Haifa-Bayport K/L (SIPG central)	porttr	porttr	22	22	1.7237186248723328	0.1815274258299072	9.495637460795994	2.188681045643344e-21	1	482	34	448	HC1		0.8497883418321723
1B	haifa_comp	Haifa-Bayport K/L (SIPG central)	porttr	porttr	23	23	1.7224847437061008	0.181380760420578	9.496512969248098	2.1703641163468625e-21	1	482	34	448	HC1		0.8497883418321723
1B	haifa_comp	Haifa-Bayport K/L (SIPG central)	porttr	porttr	24	24	1.6921204225914988	0.1790095734767529	9.452681159598685	3.3026070700850066e-21	1	482	34	448	HC1		0.8497883418321723
1B	haifa_comp	Haifa-Legacy K/L	baseline	baseline	-12	-12	-0.3450094087994575	0.1324921812848235	-2.603998254491543	0.0092143226063547	1	482	38	444	HC1		0.797636672896253
1B	haifa_comp	Haifa-Legacy K/L	baseline	baseline	-11	-11	-0.3542059496633908	0.1327967501339067	-2.6672787497150656	0.0076468219353455	1	482	38	444	HC1		0.797636672896253
1B	haifa_comp	Haifa-Legacy K/L	baseline	baseline	-10	-10	-0.2531082849636235	0.1315248438546444	-1.9244142592812947	0.054302678516616	1	482	38	444	HC1		0.797636672896253
1B	haifa_comp	Haifa-Legacy K/L	baseline	baseline	-9	-9	0.914084930552456	0.6615231659894978	1.381788238942743	0.1670367312892537	1	482	38	444	HC1		0.797636672896253
1B	haifa_comp	Haifa-Legacy K/L	baseline	baseline	-8	-8	0.795028016527286	0.5962609380271804	1.3333558612069352	0.182415049966253	1	482	38	444	HC1		0.797636672896253
1B	haifa_comp	Haifa-Legacy K/L	baseline	baseline	-7	-7	0.6759439288439854	0.5313517850237855	1.2721213100163524	0.2033300207397481	1	482	38	444	HC1		0.797636672896253
1B	haifa_comp	Haifa-Legacy K/L	baseline	baseline	-6	-6	0.5682548243200385	0.473142996090704	1.2010213170546458	0.22974293241748	1	482	38	444	HC1		0.797636672896253
1B	haifa_comp	Haifa-Legacy K/L	baseline	baseline	-5	-5	0.4490521685143956	0.4093899752259842	1.0968812029813817	0.2726933267201933	1	482	38	444	HC1		0.797636672896253
1B	haifa_comp	Haifa-Legacy K/L	baseline	baseline	-4	-4	0.333543864090648	0.3487368627779506	0.9564342049582056	0.3388529105622578	1	482	38	444	HC1		0.797636672896253
1B	haifa_comp	Haifa-Legacy K/L	baseline	baseline	-3	-3	0.2140104762148593	0.2878379919195959	0.7435101766365872	0.4571728625903574	1	482	38	444	HC1		0.797636672896253
1B	haifa_comp	Haifa-Legacy K/L	baseline	baseline	-2	-2	0.1203993519346644	0.2319298815065875	0.5191196199151454	0.6036773272269871	1	482	38	444	HC1		0.797636672896253
1B	haifa_comp	Haifa-Legacy K/L	baseline	baseline	0	0	-0.1212693417821615	0.1414774150100414	-0.8571639634040131	0.3913542752963673	1	482	38	444	HC1		0.797636672896253
1B	haifa_comp	Haifa-Legacy K/L	baseline	baseline	1	1	-0.1798838971156909	0.1276483242715347	-1.4092147166228386	0.1587716874288341	1	482	38	444	HC1		0.797636672896253
1B	haifa_comp	Haifa-Legacy K/L	baseline	baseline	2	2	-0.3046374998576384	0.1447821794327488	-2.1041090902982456	0.0353689320825504	1	482	38	444	HC1		0.797636672896253
1B	haifa_comp	Haifa-Legacy K/L	baseline	baseline	3	3	-0.4285484196083233	0.1831354018933226	-2.3400632274144084	0.0192804755015795	1	482	38	444	HC1		0.797636672896253
1B	haifa_comp	Haifa-Legacy K/L	baseline	baseline	4	4	-0.3523416821630181	0.1855423800281816	-1.8989822277234003	0.0575668127473292	1	482	38	444	HC1		0.797636672896253
1B	haifa_comp	Haifa-Legacy K/L	baseline	baseline	5	5	-0.3600459461064364	0.1879777150835186	-1.9153650524290484	0.0554459647538832	1	482	38	444	HC1		0.797636672896253
1B	haifa_comp	Haifa-Legacy K/L	baseline	baseline	6	6	-0.367101370913252	0.1902050405191686	-1.930029666465416	0.0536031620404149	1	482	38	444	HC1		0.797636672896253
1B	haifa_comp	Haifa-Legacy K/L	baseline	baseline	7	7	-0.1598647021491453	0.1926910759478367	-0.8296424801344833	0.4067409514325431	1	482	38	444	HC1		0.797636672896253
1B	haifa_comp	Haifa-Legacy K/L	baseline	baseline	8	8	-0.1673819262687561	0.1951221517070695	-0.8578314907066069	0.3909855183449828	1	482	38	444	HC1		0.797636672896253
1B	haifa_comp	Haifa-Legacy K/L	baseline	baseline	9	9	-0.1751314937984064	0.1976562209410729	-0.8860408894016962	0.3755954937178476	1	482	38	444	HC1		0.797636672896253
1B	haifa_comp	Haifa-Legacy K/L	baseline	baseline	10	10	0.0528600599755098	0.200131829196567	0.2641262021524387	0.7916826741961182	1	482	38	444	HC1		0.797636672896253
1B	haifa_comp	Haifa-Legacy K/L	baseline	baseline	11	11	0.0450859951178858	0.2027098767708396	0.2224163708059222	0.8239897689036798	1	482	38	444	HC1		0.797636672896253
1B	haifa_comp	Haifa-Legacy K/L	baseline	baseline	12	12	0.0372991054224147	0.2053088117698723	0.1816731834395047	0.8558392122405782	1	482	38	444	HC1		0.797636672896253
1B	haifa_comp	Haifa-Legacy K/L	baseline	baseline	13	13	0.6603046558953207	0.2078445425407338	3.1769160153238696	0.0014885013421599	1	482	38	444	HC1		0.797636672896253
1B	haifa_comp	Haifa-Legacy K/L	baseline	baseline	14	14	0.6524916413452337	0.2104819426095382	3.099988689080378	0.0019352803291878	1	482	38	444	HC1		0.797636672896253
1B	haifa_comp	Haifa-Legacy K/L	baseline	baseline	15	15	0.6448880468235269	0.2130533176746144	3.0268857291789826	0.0024708734597907	1	482	38	444	HC1		0.797636672896253
1B	haifa_comp	Haifa-Legacy K/L	baseline	baseline	16	16	0.2797689990365577	0.2128784304429043	1.314219568673464	0.1887723250214632	1	482	38	444	HC1		0.797636672896253
1B	haifa_comp	Haifa-Legacy K/L	baseline	baseline	17	17	0.2782588169201457	0.212704940695722	1.30819160105077	0.1908083301203174	1	482	38	444	HC1		0.797636672896253
1B	haifa_comp	Haifa-Legacy K/L	baseline	baseline	18	18	0.2768072345907213	0.2125545332952815	1.3022880777902754	0.1928179256753646	1	482	38	444	HC1		0.797636672896253
1B	haifa_comp	Haifa-Legacy K/L	baseline	baseline	19	19	0.2314285752016767	0.2123837337697651	1.089671845832399	0.2758577223309023	1	482	38	444	HC1		0.797636672896253
1B	haifa_comp	Haifa-Legacy K/L	baseline	baseline	20	20	0.2299431208203248	0.2122214897485016	1.0835053560919996	0.2785841747719371	1	482	38	444	HC1		0.797636672896253
1B	haifa_comp	Haifa-Legacy K/L	baseline	baseline	21	21	0.2284412213547533	0.2120534309488206	1.0772814206900896	0.2813545600176852	1	482	38	444	HC1		0.797636672896253
1B	haifa_comp	Haifa-Legacy K/L	baseline	baseline	22	22	0.2271749410941965	0.2118938592995553	1.0721166807058733	0.2836676274911868	1	482	38	444	HC1		0.797636672896253
1B	haifa_comp	Haifa-Legacy K/L	baseline	baseline	23	23	0.2256773495881702	0.2117285280038152	1.0658806903154006	0.2864775789087507	1	482	38	444	HC1		0.797636672896253
1B	haifa_comp	Haifa-Legacy K/L	baseline	baseline	24	24	0.2843045571892588	0.2082931285619688	1.3649252817510775	0.1722765352443382	1	482	38	444	HC1		0.797636672896253
1B	haifa_comp	Haifa-Legacy K/L	porttr	porttr	-12	-12	-0.3450094087994571	0.1324921812848258	-2.6039982544914944	0.009214322606356	1	482	38	444	HC1		0.7976366728962531
1B	haifa_comp	Haifa-Legacy K/L	porttr	porttr	-11	-11	-0.3542059496633802	0.1327967501339082	-2.6672787497149555	0.007646821935348	1	482	38	444	HC1		0.7976366728962531
1B	haifa_comp	Haifa-Legacy K/L	porttr	porttr	-10	-10	-0.2531082849636163	0.1315248438546483	-1.924414259281183	0.0543026785166299	1	482	38	444	HC1		0.7976366728962531
1B	haifa_comp	Haifa-Legacy K/L	porttr	porttr	-9	-9	0.914084930552447	0.6615231659894979	1.3817882389427292	0.167036731289258	1	482	38	444	HC1		0.7976366728962531
1B	haifa_comp	Haifa-Legacy K/L	porttr	porttr	-8	-8	0.7950280165272918	0.5962609380271814	1.3333558612069425	0.1824150499662508	1	482	38	444	HC1		0.7976366728962531
1B	haifa_comp	Haifa-Legacy K/L	porttr	porttr	-7	-7	0.6759439288439943	0.5313517850237859	1.2721213100163686	0.2033300207397425	1	482	38	444	HC1		0.7976366728962531
1B	haifa_comp	Haifa-Legacy K/L	porttr	porttr	-6	-6	0.5682548243200549	0.4731429960907045	1.2010213170546793	0.2297429324174671	1	482	38	444	HC1		0.7976366728962531
1B	haifa_comp	Haifa-Legacy K/L	porttr	porttr	-5	-5	0.4490521685143989	0.4093899752259854	1.0968812029813864	0.2726933267201913	1	482	38	444	HC1		0.7976366728962531
1B	haifa_comp	Haifa-Legacy K/L	porttr	porttr	-4	-4	0.333543864090656	0.3487368627779512	0.9564342049582268	0.3388529105622472	1	482	38	444	HC1		0.7976366728962531
1B	haifa_comp	Haifa-Legacy K/L	porttr	porttr	-3	-3	0.2140104762148549	0.2878379919195972	0.7435101766365686	0.4571728625903686	1	482	38	444	HC1		0.7976366728962531
1B	haifa_comp	Haifa-Legacy K/L	porttr	porttr	-2	-2	0.1203993519346933	0.2319298815065888	0.519119619915267	0.6036773272269023	1	482	38	444	HC1		0.7976366728962531
1B	haifa_comp	Haifa-Legacy K/L	porttr	porttr	0	0	-0.1212693417821455	0.1414774150100427	-0.857163963403892	0.3913542752964342	1	482	38	444	HC1		0.7976366728962531
1B	haifa_comp	Haifa-Legacy K/L	porttr	porttr	1	1	-0.1798838971156786	0.127648324271536	-1.4092147166227271	0.1587716874288671	1	482	38	444	HC1		0.7976366728962531
1B	haifa_comp	Haifa-Legacy K/L	porttr	porttr	2	2	-0.3046374998576384	0.1447821794327495	-2.104109090298235	0.0353689320825513	1	482	38	444	HC1		0.7976366728962531
1B	haifa_comp	Haifa-Legacy K/L	porttr	porttr	3	3	-0.4285484196083156	0.1831354018933232	-2.3400632274143587	0.0192804755015821	1	482	38	444	HC1		0.7976366728962531
1B	haifa_comp	Haifa-Legacy K/L	porttr	porttr	4	4	-0.3523416821630114	0.1855423800281821	-1.8989822277233592	0.0575668127473346	1	482	38	444	HC1		0.7976366728962531
1B	haifa_comp	Haifa-Legacy K/L	porttr	porttr	5	5	-0.3600459461064353	0.187977715083519	-1.9153650524290384	0.0554459647538845	1	482	38	444	HC1		0.7976366728962531
1B	haifa_comp	Haifa-Legacy K/L	porttr	porttr	6	6	-0.3671013709132689	0.190205040519169	-1.9300296664655008	0.0536031620404044	1	482	38	444	HC1		0.7976366728962531
1B	haifa_comp	Haifa-Legacy K/L	porttr	porttr	7	7	-0.1598647021491343	0.1926910759478368	-0.8296424801344257	0.4067409514325757	1	482	38	444	HC1		0.7976366728962531
1B	haifa_comp	Haifa-Legacy K/L	porttr	porttr	8	8	-0.1673819262687446	0.1951221517070699	-0.8578314907065459	0.3909855183450166	1	482	38	444	HC1		0.7976366728962531
1B	haifa_comp	Haifa-Legacy K/L	porttr	porttr	9	9	-0.1751314937984087	0.1976562209410733	-0.8860408894017061	0.3755954937178423	1	482	38	444	HC1		0.7976366728962531
1B	haifa_comp	Haifa-Legacy K/L	porttr	porttr	10	10	0.0528600599755195	0.2001318291965676	0.2641262021524868	0.7916826741960812	1	482	38	444	HC1		0.7976366728962531
1B	haifa_comp	Haifa-Legacy K/L	porttr	porttr	11	11	0.0450859951178927	0.2027098767708396	0.222416370805956	0.8239897689036535	1	482	38	444	HC1		0.7976366728962531
1B	haifa_comp	Haifa-Legacy K/L	porttr	porttr	12	12	0.0372991054224329	0.2053088117698725	0.1816731834395932	0.8558392122405087	1	482	38	444	HC1		0.7976366728962531
1B	haifa_comp	Haifa-Legacy K/L	porttr	porttr	13	13	0.6603046558953319	0.207844542540734	3.176916015323921	0.0014885013421596	1	482	38	444	HC1		0.7976366728962531
1B	haifa_comp	Haifa-Legacy K/L	porttr	porttr	14	14	0.6524916413452417	0.2104819426095383	3.099988689080414	0.0019352803291876	1	482	38	444	HC1		0.7976366728962531
1B	haifa_comp	Haifa-Legacy K/L	porttr	porttr	15	15	0.6448880468235337	0.2130533176746143	3.0268857291790163	0.0024708734597904	1	482	38	444	HC1		0.7976366728962531
1B	haifa_comp	Haifa-Legacy K/L	porttr	porttr	16	16	0.2797689990365497	0.2128784304429043	1.3142195686734266	0.1887723250214757	1	482	38	444	HC1		0.7976366728962531
1B	haifa_comp	Haifa-Legacy K/L	porttr	porttr	17	17	0.2782588169201582	0.2127049406957221	1.3081916010508283	0.1908083301202976	1	482	38	444	HC1		0.7976366728962531
1B	haifa_comp	Haifa-Legacy K/L	porttr	porttr	18	18	0.2768072345907306	0.2125545332952814	1.30228807779032	0.1928179256753494	1	482	38	444	HC1		0.7976366728962531
1B	haifa_comp	Haifa-Legacy K/L	porttr	porttr	19	19	0.2314285752016854	0.2123837337697652	1.0896718458324393	0.2758577223308844	1	482	38	444	HC1		0.7976366728962531
1B	haifa_comp	Haifa-Legacy K/L	porttr	porttr	20	20	0.2299431208203293	0.2122214897485015	1.0835053560920207	0.2785841747719276	1	482	38	444	HC1		0.7976366728962531
1B	haifa_comp	Haifa-Legacy K/L	porttr	porttr	21	21	0.2284412213547573	0.2120534309488209	1.0772814206901071	0.2813545600176772	1	482	38	444	HC1		0.7976366728962531
1B	haifa_comp	Haifa-Legacy K/L	porttr	porttr	22	22	0.2271749410941974	0.211893859299555	1.0721166807058788	0.2836676274911843	1	482	38	444	HC1		0.7976366728962531
1B	haifa_comp	Haifa-Legacy K/L	porttr	porttr	23	23	0.2256773495881719	0.2117285280038152	1.0658806903154086	0.2864775789087471	1	482	38	444	HC1		0.7976366728962531
1B	haifa_comp	Haifa-Legacy K/L	porttr	porttr	24	24	0.2843045571892624	0.2082931285619692	1.3649252817510928	0.1722765352443335	1	482	38	444	HC1		0.7976366728962531
1B	haifa_priv	Haifa-Bayport K/L (SIPG central)	baseline	baseline	-12	-12	-0.1274890266092603	0.068674194210312	-1.856432799470936	0.0633918932413259	1	481	37	444	HC1		0.9954529591437972
1B	haifa_priv	Haifa-Bayport K/L (SIPG central)	baseline	baseline	-11	-11	-0.1072272843047565	0.0680626566498263	-1.575420202247279	0.1151594842768323	1	481	37	444	HC1		0.9954529591437972
1B	haifa_priv	Haifa-Bayport K/L (SIPG central)	baseline	baseline	-10	-10	-0.0888969689660426	0.0676194368141483	-1.3146659178835731	0.1886222057053471	1	481	37	444	HC1		0.9954529591437972
1B	haifa_priv	Haifa-Bayport K/L (SIPG central)	baseline	baseline	-9	-9	-0.0865772632774807	0.0584986766983304	-1.4799866965187545	0.138876797009742	1	481	37	444	HC1		0.9954529591437972
1B	haifa_priv	Haifa-Bayport K/L (SIPG central)	baseline	baseline	-8	-8	-0.0669972134051617	0.0580556428342768	-1.154017251973407	0.2484930960502696	1	481	37	444	HC1		0.9954529591437972
1B	haifa_priv	Haifa-Bayport K/L (SIPG central)	baseline	baseline	-7	-7	-0.0467944495913391	0.0577421153630261	-0.8104041443085568	0.4177079367557633	1	481	37	444	HC1		0.9954529591437972
1B	haifa_priv	Haifa-Bayport K/L (SIPG central)	baseline	baseline	-6	-6	-0.0468720482348787	0.0535286368441992	-0.8756443466196392	0.3812234091070079	1	481	37	444	HC1		0.9954529591437972
1B	haifa_priv	Haifa-Bayport K/L (SIPG central)	baseline	baseline	-5	-5	-0.0267008453494454	0.0532992741083141	-0.5009607690938591	0.6163987330517959	1	481	37	444	HC1		0.9954529591437972
1B	haifa_priv	Haifa-Bayport K/L (SIPG central)	baseline	baseline	-4	-4	-0.0065461090834482	0.0532313319661713	-0.1229747376527846	0.9021271025368915	1	481	37	444	HC1		0.9954529591437972
1B	haifa_priv	Haifa-Bayport K/L (SIPG central)	baseline	baseline	-3	-3	-0.0395918141507358	0.0753796891650628	-0.5252318574044478	0.59942202124126	1	481	37	444	HC1		0.9954529591437972
1B	haifa_priv	Haifa-Bayport K/L (SIPG central)	baseline	baseline	-2	-2	-0.0194702801152715	0.0751566816770051	-0.2590625301812468	0.7955869946631257	1	481	37	444	HC1		0.9954529591437972
1B	haifa_priv	Haifa-Bayport K/L (SIPG central)	baseline	baseline	0	0	0.029084212746163	0.0574765202094674	0.5060190255110866	0.6128432936541177	1	481	37	444	HC1		0.9954529591437972
1B	haifa_priv	Haifa-Bayport K/L (SIPG central)	baseline	baseline	1	1	0.027865279594635	0.0574012057934183	0.4854476349315654	0.627358849399542	1	481	37	444	HC1		0.9954529591437972
1B	haifa_priv	Haifa-Bayport K/L (SIPG central)	baseline	baseline	2	2	0.0268053186430377	0.0573380844241506	0.4674958871096743	0.6401451339950819	1	481	37	444	HC1		0.9954529591437972
1B	haifa_priv	Haifa-Bayport K/L (SIPG central)	baseline	baseline	3	3	0.029237598833485	0.0560652911995345	0.521491964242714	0.6020241020187339	1	481	37	444	HC1		0.9954529591437972
1B	haifa_priv	Haifa-Bayport K/L (SIPG central)	baseline	baseline	4	4	0.0280653300184052	0.0560200915433519	0.5009868646267118	0.6163803673405042	1	481	37	444	HC1		0.9954529591437972
1B	haifa_priv	Haifa-Bayport K/L (SIPG central)	baseline	baseline	5	5	0.0268365094726264	0.0559804963034652	0.4793903456508869	0.6316609603452924	1	481	37	444	HC1		0.9954529591437972
1B	haifa_priv	Haifa-Bayport K/L (SIPG central)	baseline	baseline	6	6	0.0256414812964607	0.0559540851239587	0.458259325296008	0.6467661427178983	1	481	37	444	HC1		0.9954529591437972
1B	haifa_priv	Haifa-Bayport K/L (SIPG central)	baseline	baseline	7	7	0.024407600130225	0.0559283580245427	0.436408308635028	0.6625405117819476	1	481	37	444	HC1		0.9954529591437972
1B	haifa_priv	Haifa-Bayport K/L (SIPG central)	baseline	baseline	8	8	-0.005956720984388	0.057128733234171	-0.104268389077899	0.9169563630070144	1	481	37	444	HC1		0.9954529591437972
1B	haifa_priv	Haifa-Bayport K/L (SIPG central)	baseline	baseline	9	9	0.0130171062979531	0.0533870825266271	0.2438250168748369	0.8073663442957066	1	481	37	444	HC1		0.9954529591437972
1B	haifa_priv	Haifa-Bayport K/L (SIPG central)	baseline	baseline	10	10	0.0116952067813809	0.0533612812536178	0.219170276774192	0.8265174082967489	1	481	37	444	HC1		0.9954529591437972
1B	haifa_priv	Haifa-Bayport K/L (SIPG central)	baseline	baseline	11	11	0.0104293399882358	0.0533425745441433	0.1955162471508582	0.8449888197283469	1	481	37	444	HC1		0.9954529591437972
1B	haifa_priv	Haifa-Bayport K/L (SIPG central)	baseline	baseline	12	12	0.0153546855921256	0.0533807810838561	0.2876444533099814	0.7736189134386229	1	481	37	444	HC1		0.9954529591437972
1B	haifa_priv	Haifa-Bayport K/L (SIPG central)	baseline	baseline	13	13	0.0191678340930494	0.0534656391532311	0.358507527388103	0.719963535714325	1	481	37	444	HC1		0.9954529591437972
1B	haifa_priv	Haifa-Bayport K/L (SIPG central)	baseline	baseline	14	14	0.0226890763460128	0.053620641229824	0.4231407127110788	0.6721925998131381	1	481	37	444	HC1		0.9954529591437972
1B	haifa_priv	Haifa-Bayport K/L (SIPG central)	baseline	baseline	15	15	0.0291238196124256	0.0542600791157457	0.5367448792380071	0.5914438510478099	1	481	37	444	HC1		0.9954529591437972
1B	haifa_priv	Haifa-Bayport K/L (SIPG central)	baseline	baseline	16	16	0.0325854685936581	0.0546023370963773	0.5967779096367668	0.5506556683769308	1	481	37	444	HC1		0.9954529591437972
1B	haifa_priv	Haifa-Bayport K/L (SIPG central)	baseline	baseline	17	17	0.0360601354175859	0.0550188909468466	0.6554137096733438	0.51220142700314	1	481	37	444	HC1		0.9954529591437972
1B	haifa_priv	Haifa-Bayport K/L (SIPG central)	baseline	baseline	18	18	0.0025117101462175	0.0547151020150992	0.0459052446895631	0.9633857739282172	1	481	37	444	HC1		0.9954529591437972
1B	haifa_priv	Haifa-Bayport K/L (SIPG central)	baseline	baseline	19	19	0.005281265589541	0.0547319775004256	0.0964932354125152	0.923128846216596	1	481	37	444	HC1		0.9954529591437972
1B	haifa_priv	Haifa-Bayport K/L (SIPG central)	baseline	baseline	20	20	0.0079687373506631	0.0547994441220848	0.145416390226697	0.8843821246790822	1	481	37	444	HC1		0.9954529591437972
1B	haifa_priv	Haifa-Bayport K/L (SIPG central)	baseline	baseline	21	21	0.0055180700822288	0.0539960629421996	0.1021939338083901	0.9186027426675384	1	481	37	444	HC1		0.9954529591437972
1B	haifa_priv	Haifa-Bayport K/L (SIPG central)	baseline	baseline	22	22	0.0080466113772086	0.0540932320895435	0.1487544941646049	0.8817473594207784	1	481	37	444	HC1		0.9954529591437972
1B	haifa_priv	Haifa-Bayport K/L (SIPG central)	baseline	baseline	23	23	-0.0104101762739746	0.0542603492313706	-0.1918560499783143	0.8478549648572312	1	481	37	444	HC1		0.9954529591437972
1B	haifa_priv	Haifa-Bayport K/L (SIPG central)	baseline	baseline	24	24					0	481	37	444	HC1		0.9954529591437972
1B	haifa_priv	Haifa-Bayport K/L (SIPG central)	porttr	porttr	-12	-12	-0.1274890266092567	0.0686741942103124	-1.8564327994708736	0.0633918932413347	1	481	37	444	HC1		0.9954529591437972
1B	haifa_priv	Haifa-Bayport K/L (SIPG central)	porttr	porttr	-11	-11	-0.1072272843047602	0.0680626566498262	-1.5754202022473345	0.1151594842768194	1	481	37	444	HC1		0.9954529591437972
1B	haifa_priv	Haifa-Bayport K/L (SIPG central)	porttr	porttr	-10	-10	-0.0888969689660399	0.0676194368141483	-1.3146659178835332	0.1886222057053606	1	481	37	444	HC1		0.9954529591437972
1B	haifa_priv	Haifa-Bayport K/L (SIPG central)	porttr	porttr	-9	-9	-0.0865772632774765	0.0584986766983305	-1.4799866965186803	0.1388767970097618	1	481	37	444	HC1		0.9954529591437972
1B	haifa_priv	Haifa-Bayport K/L (SIPG central)	porttr	porttr	-8	-8	-0.0669972134051581	0.0580556428342771	-1.1540172519733394	0.2484930960502974	1	481	37	444	HC1		0.9954529591437972
1B	haifa_priv	Haifa-Bayport K/L (SIPG central)	porttr	porttr	-7	-7	-0.0467944495913273	0.0577421153630261	-0.8104041443083531	0.4177079367558803	1	481	37	444	HC1		0.9954529591437972
1B	haifa_priv	Haifa-Bayport K/L (SIPG central)	porttr	porttr	-6	-6	-0.0468720482348716	0.0535286368441996	-0.8756443466195005	0.3812234091070835	1	481	37	444	HC1		0.9954529591437972
1B	haifa_priv	Haifa-Bayport K/L (SIPG central)	porttr	porttr	-5	-5	-0.0267008453494467	0.0532992741083143	-0.5009607690938814	0.6163987330517803	1	481	37	444	HC1		0.9954529591437972
1B	haifa_priv	Haifa-Bayport K/L (SIPG central)	porttr	porttr	-4	-4	-0.0065461090834428	0.0532313319661713	-0.1229747376526845	0.9021271025369708	1	481	37	444	HC1		0.9954529591437972
1B	haifa_priv	Haifa-Bayport K/L (SIPG central)	porttr	porttr	-3	-3	-0.0395918141507346	0.0753796891650629	-0.5252318574044303	0.599422021241272	1	481	37	444	HC1		0.9954529591437972
1B	haifa_priv	Haifa-Bayport K/L (SIPG central)	porttr	porttr	-2	-2	-0.0194702801152688	0.0751566816770054	-0.2590625301812107	0.7955869946631535	1	481	37	444	HC1		0.9954529591437972
1B	haifa_priv	Haifa-Bayport K/L (SIPG central)	porttr	porttr	0	0	0.029084212746155	0.0574765202094676	0.5060190255109462	0.6128432936542162	1	481	37	444	HC1		0.9954529591437972
1B	haifa_priv	Haifa-Bayport K/L (SIPG central)	porttr	porttr	1	1	0.0278652795946421	0.0574012057934184	0.4854476349316883	0.6273588493994549	1	481	37	444	HC1		0.9954529591437972
1B	haifa_priv	Haifa-Bayport K/L (SIPG central)	porttr	porttr	2	2	0.0268053186430385	0.0573380844241507	0.4674958871096888	0.6401451339950714	1	481	37	444	HC1		0.9954529591437972
1B	haifa_priv	Haifa-Bayport K/L (SIPG central)	porttr	porttr	3	3	0.0292375988334961	0.0560652911995347	0.5214919642429101	0.6020241020185975	1	481	37	444	HC1		0.9954529591437972
1B	haifa_priv	Haifa-Bayport K/L (SIPG central)	porttr	porttr	4	4	0.0280653300184079	0.056020091543352	0.5009868646267583	0.6163803673404715	1	481	37	444	HC1		0.9954529591437972
1B	haifa_priv	Haifa-Bayport K/L (SIPG central)	porttr	porttr	5	5	0.0268365094726346	0.0559804963034653	0.4793903456510324	0.6316609603451888	1	481	37	444	HC1		0.9954529591437972
1B	haifa_priv	Haifa-Bayport K/L (SIPG central)	porttr	porttr	6	6	0.0256414812964536	0.0559540851239588	0.45825932529588	0.6467661427179903	1	481	37	444	HC1		0.9954529591437972
1B	haifa_priv	Haifa-Bayport K/L (SIPG central)	porttr	porttr	7	7	0.0244076001302233	0.0559283580245428	0.4364083086349968	0.6625405117819703	1	481	37	444	HC1		0.9954529591437972
1B	haifa_priv	Haifa-Bayport K/L (SIPG central)	porttr	porttr	8	8	-0.0059567209843782	0.0571287332341712	-0.1042683890777276	0.9169563630071504	1	481	37	444	HC1		0.9954529591437972
1B	haifa_priv	Haifa-Bayport K/L (SIPG central)	porttr	porttr	9	9	0.0130171062979559	0.0533870825266272	0.2438250168748882	0.8073663442956669	1	481	37	444	HC1		0.9954529591437972
1B	haifa_priv	Haifa-Bayport K/L (SIPG central)	porttr	porttr	10	10	0.0116952067813871	0.0533612812536179	0.2191702767743078	0.8265174082966587	1	481	37	444	HC1		0.9954529591437972
1B	haifa_priv	Haifa-Bayport K/L (SIPG central)	porttr	porttr	11	11	0.0104293399882319	0.0533425745441435	0.1955162471507858	0.8449888197284036	1	481	37	444	HC1		0.9954529591437972
1B	haifa_priv	Haifa-Bayport K/L (SIPG central)	porttr	porttr	12	12	0.0153546855921327	0.0533807810838562	0.287644453310114	0.7736189134385215	1	481	37	444	HC1		0.9954529591437972
1B	haifa_priv	Haifa-Bayport K/L (SIPG central)	porttr	porttr	13	13	0.0191678340930533	0.0534656391532313	0.3585075273881744	0.7199635357142716	1	481	37	444	HC1		0.9954529591437972
1B	haifa_priv	Haifa-Bayport K/L (SIPG central)	porttr	porttr	14	14	0.0226890763460181	0.0536206412298242	0.4231407127111768	0.6721925998130667	1	481	37	444	HC1		0.9954529591437972
1B	haifa_priv	Haifa-Bayport K/L (SIPG central)	porttr	porttr	15	15	0.0291238196124298	0.0542600791157457	0.5367448792380836	0.5914438510477571	1	481	37	444	HC1		0.9954529591437972
1B	haifa_priv	Haifa-Bayport K/L (SIPG central)	porttr	porttr	16	16	0.032585468593667	0.0546023370963775	0.5967779096369277	0.5506556683768232	1	481	37	444	HC1		0.9954529591437972
1B	haifa_priv	Haifa-Bayport K/L (SIPG central)	porttr	porttr	17	17	0.036060135417582	0.0550188909468468	0.655413709673271	0.5122014270031868	1	481	37	444	HC1		0.9954529591437972
1B	haifa_priv	Haifa-Bayport K/L (SIPG central)	porttr	porttr	18	18	0.0025117101462219	0.0547151020150993	0.0459052446896441	0.9633857739281528	1	481	37	444	HC1		0.9954529591437972
1B	haifa_priv	Haifa-Bayport K/L (SIPG central)	porttr	porttr	19	19	0.0052812655895447	0.0547319775004256	0.0964932354125821	0.9231288462165428	1	481	37	444	HC1		0.9954529591437972
1B	haifa_priv	Haifa-Bayport K/L (SIPG central)	porttr	porttr	20	20	0.0079687373506729	0.0547994441220849	0.1454163902268749	0.8843821246789416	1	481	37	444	HC1		0.9954529591437972
1B	haifa_priv	Haifa-Bayport K/L (SIPG central)	porttr	porttr	21	21	0.0055180700822351	0.0539960629421997	0.1021939338085071	0.9186027426674456	1	481	37	444	HC1		0.9954529591437972
1B	haifa_priv	Haifa-Bayport K/L (SIPG central)	porttr	porttr	22	22	0.0080466113772095	0.0540932320895437	0.148754494164621	0.8817473594207657	1	481	37	444	HC1		0.9954529591437972
1B	haifa_priv	Haifa-Bayport K/L (SIPG central)	porttr	porttr	23	23	-0.0104101762739665	0.0542603492313709	-0.191856049978165	0.8478549648573481	1	481	37	444	HC1		0.9954529591437972
1B	haifa_priv	Haifa-Bayport K/L (SIPG central)	porttr	porttr	24	24					0	481	37	444	HC1		0.9954529591437972
1B	haifa_priv	Haifa-Legacy K/L	baseline	baseline	-12	-12	-0.9972297289865856	0.0287116370270303	-34.73259738021042	2.5383313706815756e-264	1	481	37	444	HC1		0.9989983743491754
1B	haifa_priv	Haifa-Legacy K/L	baseline	baseline	-11	-11	-1.0049339929299834	0.0256430220805398	-39.18937439486184	0.0	1	481	37	444	HC1		0.9989983743491754
1B	haifa_priv	Haifa-Legacy K/L	baseline	baseline	-10	-10	-1.0119894177367756	0.0229418977441477	-44.11097237999525	0.0	1	481	37	444	HC1		0.9989983743491754
1B	haifa_priv	Haifa-Legacy K/L	baseline	baseline	-9	-9	-0.804752748972688	0.0200779036029965	-40.08151273585062	0.0	1	481	37	444	HC1		0.9989983743491754
1B	haifa_priv	Haifa-Legacy K/L	baseline	baseline	-8	-8	-0.8122699730923166	0.0174802557732406	-46.46785399649388	0.0	1	481	37	444	HC1		0.9989983743491754
1B	haifa_priv	Haifa-Legacy K/L	baseline	baseline	-7	-7	-0.8200195406219786	0.015074062081575	-54.39937398322673	0.0	1	481	37	444	HC1		0.9989983743491754
1B	haifa_priv	Haifa-Legacy K/L	baseline	baseline	-6	-6	-0.5920279868480236	0.0131548173408289	-45.00465278301731	0.0	1	481	37	444	HC1		0.9989983743491754
1B	haifa_priv	Haifa-Legacy K/L	baseline	baseline	-5	-5	-0.5998020517056502	0.0118082512737789	-50.79516329717263	0.0	1	481	37	444	HC1		0.9989983743491754
1B	haifa_priv	Haifa-Legacy K/L	baseline	baseline	-4	-4	-0.6075889414011115	0.0113346848819125	-53.604396393117014	0.0	1	481	37	444	HC1		0.9989983743491754
1B	haifa_priv	Haifa-Legacy K/L	baseline	baseline	-3	-3	0.0154166090717664	0.0118078979658912	1.3056184188159008	0.1916823535002523	1	481	37	444	HC1		0.9989983743491754
1B	haifa_priv	Haifa-Legacy K/L	baseline	baseline	-2	-2	0.0076035945216972	0.0131505601275324	0.5781954873373123	0.563132145124468	1	481	37	444	HC1		0.9989983743491754
1B	haifa_priv	Haifa-Legacy K/L	baseline	baseline	0	0	-0.3651190477870045	0.0148980814533038	-24.50778974000276	1.2200756888391856e-132	1	481	37	444	HC1		0.9989983743491754
1B	haifa_priv	Haifa-Legacy K/L	baseline	baseline	1	1	-0.366629229903422	0.014758622708725	-24.84169675851101	3.17940752742906e-136	1	481	37	444	HC1		0.9989983743491754
1B	haifa_priv	Haifa-Legacy K/L	baseline	baseline	2	2	-0.3680808122328365	0.0146617910414629	-25.104764567433676	4.41186057697653e-139	1	481	37	444	HC1		0.9989983743491754
1B	haifa_priv	Haifa-Legacy K/L	baseline	baseline	3	3	-0.4134594716218613	0.01457169196406	-28.37415673084675	4.2150775844213845e-177	1	481	37	444	HC1		0.9989983743491754
1B	haifa_priv	Haifa-Legacy K/L	baseline	baseline	4	4	-0.4149449260031986	0.0145122394286143	-28.592756345036268	8.267191221451016e-180	1	481	37	444	HC1		0.9989983743491754
1B	haifa_priv	Haifa-Legacy K/L	baseline	baseline	5	5	-0.4164468254687774	0.0144743231213987	-28.771419704808523	4.8881442462816474e-182	1	481	37	444	HC1		0.9989983743491754
1B	haifa_priv	Haifa-Legacy K/L	baseline	baseline	6	6	-0.4177131057293659	0.0144659500940979	-28.875608101246826	2.417456794060601e-183	1	481	37	444	HC1		0.9989983743491754
1B	haifa_priv	Haifa-Legacy K/L	baseline	baseline	7	7	-0.4192106972353627	0.014480622283114	-28.949770875814256	2.824967713821381e-184	1	481	37	444	HC1		0.9989983743491754
1B	haifa_priv	Haifa-Legacy K/L	baseline	baseline	8	8	-0.3605834896343092	0.0124156168810711	-29.0427365058319	1.9007118797916755e-185	1	481	37	444	HC1		0.9989983743491754
1B	haifa_priv	Haifa-Legacy K/L	baseline	baseline	9	9	-0.6047125352695523	0.0122464992156137	-49.37839986945585	0.0	1	481	37	444	HC1		0.9989983743491754
1B	haifa_priv	Haifa-Legacy K/L	baseline	baseline	10	10	-0.6060326894548425	0.0121005587965338	-50.083033324745045	0.0	1	481	37	444	HC1		0.9989983743491754
1B	haifa_priv	Haifa-Legacy K/L	baseline	baseline	11	11	-0.607340725120948	0.0119854104286684	-50.67333561379091	0.0	1	481	37	444	HC1		0.9989983743491754
1B	haifa_priv	Haifa-Legacy K/L	baseline	baseline	12	12	-0.6297230987046571	0.0118026123817424	-53.35455222428396	0.0	1	481	37	444	HC1		0.9989983743491754
1B	haifa_priv	Haifa-Legacy K/L	baseline	baseline	13	13	-0.6396719377452288	0.0119568313527647	-53.498449453108705	0.0	1	481	37	444	HC1		0.9989983743491754
1B	haifa_priv	Haifa-Legacy K/L	baseline	baseline	14	14	-0.6489203989552701	0.0123834855680153	-52.40207980145202	0.0	1	481	37	444	HC1		0.9989983743491754
1B	haifa_priv	Haifa-Legacy K/L	baseline	baseline	15	15	-0.6920784051819253	0.0130903224162109	-52.86946976377477	0.0	1	481	37	444	HC1		0.9989983743491754
1B	haifa_priv	Haifa-Legacy K/L	baseline	baseline	16	16	-0.7013446984624112	0.0139760220120474	-50.181997270600064	0.0	1	481	37	444	HC1		0.9989983743491754
1B	haifa_priv	Haifa-Legacy K/L	baseline	baseline	17	17	-0.7107445852496794	0.0150436772987942	-47.24540224660678	0.0	1	481	37	444	HC1		0.9989983743491754
1B	haifa_priv	Haifa-Legacy K/L	baseline	baseline	18	18	-0.7041829374856396	0.0137685863445867	-51.14417122150623	0.0	1	481	37	444	HC1		0.9989983743491754
1B	haifa_priv	Haifa-Legacy K/L	baseline	baseline	19	19	-0.7121384488295353	0.0133155200395654	-53.481835235387194	0.0	1	481	37	444	HC1		0.9989983743491754
1B	haifa_priv	Haifa-Legacy K/L	baseline	baseline	20	20	-0.7199546764024771	0.0130372153181844	-55.22304102765519	0.0	1	481	37	444	HC1		0.9989983743491754
1B	haifa_priv	Haifa-Legacy K/L	baseline	baseline	21	21	-0.6674963103188314	0.0129330684887134	-51.61159634323026	0.0	1	481	37	444	HC1		0.9989983743491754
1B	haifa_priv	Haifa-Legacy K/L	baseline	baseline	22	22	-0.6750399334835576	0.0129925402774741	-51.95596234971138	0.0	1	481	37	444	HC1		0.9989983743491754
1B	haifa_priv	Haifa-Legacy K/L	baseline	baseline	23	23	-0.6393978628386116	0.0148999250063436	-42.91282423008097	0.0	1	481	37	444	HC1		0.9989983743491754
1B	haifa_priv	Haifa-Legacy K/L	baseline	baseline	24	24					0	481	37	444	HC1		0.9989983743491754
1B	haifa_priv	Haifa-Legacy K/L	porttr	porttr	-12	-12	-0.997229728986592	0.0287116370270298	-34.73259738021116	2.5383313706163044e-264	1	481	37	444	HC1		0.9989983743491754
1B	haifa_priv	Haifa-Legacy K/L	porttr	porttr	-11	-11	-1.0049339929299874	0.0256430220805395	-39.189374394862426	0.0	1	481	37	444	HC1		0.9989983743491754
1B	haifa_priv	Haifa-Legacy K/L	porttr	porttr	-10	-10	-1.0119894177367774	0.0229418977441472	-44.11097237999617	0.0	1	481	37	444	HC1		0.9989983743491754
1B	haifa_priv	Haifa-Legacy K/L	porttr	porttr	-9	-9	-0.8047527489726916	0.0200779036029961	-40.08151273585158	0.0	1	481	37	444	HC1		0.9989983743491754
1B	haifa_priv	Haifa-Legacy K/L	porttr	porttr	-8	-8	-0.8122699730923122	0.0174802557732404	-46.467853996494334	0.0	1	481	37	444	HC1		0.9989983743491754
1B	haifa_priv	Haifa-Legacy K/L	porttr	porttr	-7	-7	-0.820019540621967	0.0150740620815748	-54.39937398322685	0.0	1	481	37	444	HC1		0.9989983743491754
1B	haifa_priv	Haifa-Legacy K/L	porttr	porttr	-6	-6	-0.592027986848028	0.0131548173408288	-45.00465278301796	0.0	1	481	37	444	HC1		0.9989983743491754
1B	haifa_priv	Haifa-Legacy K/L	porttr	porttr	-5	-5	-0.599802051705656	0.011808251273779	-50.79516329717283	0.0	1	481	37	444	HC1		0.9989983743491754
1B	haifa_priv	Haifa-Legacy K/L	porttr	porttr	-4	-4	-0.6075889414011089	0.0113346848819127	-53.60439639311574	0.0	1	481	37	444	HC1		0.9989983743491754
1B	haifa_priv	Haifa-Legacy K/L	porttr	porttr	-3	-3	0.0154166090717602	0.0118078979658916	1.305618418815332	0.1916823535004458	1	481	37	444	HC1		0.9989983743491754
1B	haifa_priv	Haifa-Legacy K/L	porttr	porttr	-2	-2	0.0076035945216954	0.0131505601275329	0.5781954873371543	0.5631321451245747	1	481	37	444	HC1		0.9989983743491754
1B	haifa_priv	Haifa-Legacy K/L	porttr	porttr	0	0	-0.3651190477869885	0.0148980814533043	-24.507789740000725	1.2200756889001787e-132	1	481	37	444	HC1		0.9989983743491754
1B	haifa_priv	Haifa-Legacy K/L	porttr	porttr	1	1	-0.3666292299034386	0.0147586227087256	-24.84169675851105	3.179407527425981e-136	1	481	37	444	HC1		0.9989983743491754
1B	haifa_priv	Haifa-Legacy K/L	porttr	porttr	2	2	-0.3680808122328418	0.0146617910414635	-25.10476456743305	4.4118605770461066e-139	1	481	37	444	HC1		0.9989983743491754
1B	haifa_priv	Haifa-Legacy K/L	porttr	porttr	3	3	-0.4134594716218661	0.0145716919640607	-28.37415673084579	4.215077584535576e-177	1	481	37	444	HC1		0.9989983743491754
1B	haifa_priv	Haifa-Legacy K/L	porttr	porttr	4	4	-0.4149449260032011	0.014512239428615	-28.592756345035156	8.267191221714033e-180	1	481	37	444	HC1		0.9989983743491754
1B	haifa_priv	Haifa-Legacy K/L	porttr	porttr	5	5	-0.4164468254687792	0.0144743231213993	-28.771419704807354	4.8881442464466164e-182	1	481	37	444	HC1		0.9989983743491754
1B	haifa_priv	Haifa-Legacy K/L	porttr	porttr	6	6	-0.4177131057293552	0.0144659500940985	-28.875608101244783	2.417456794203271e-183	1	481	37	444	HC1		0.9989983743491754
1B	haifa_priv	Haifa-Legacy K/L	porttr	porttr	7	7	-0.4192106972353616	0.0144806222831147	-28.94977087581275	2.824967713944371e-184	1	481	37	444	HC1		0.9989983743491754
1B	haifa_priv	Haifa-Legacy K/L	porttr	porttr	8	8	-0.3605834896343207	0.0124156168810716	-29.042736505831748	1.900711879800005e-185	1	481	37	444	HC1		0.9989983743491754
1B	haifa_priv	Haifa-Legacy K/L	porttr	porttr	9	9	-0.604712535269555	0.0122464992156142	-49.37839986945415	0.0	1	481	37	444	HC1		0.9989983743491754
1B	haifa_priv	Haifa-Legacy K/L	porttr	porttr	10	10	-0.6060326894548504	0.0121005587965343	-50.0830333247439	0.0	1	481	37	444	HC1		0.9989983743491754
1B	haifa_priv	Haifa-Legacy K/L	porttr	porttr	11	11	-0.6073407251209535	0.0119854104286689	-50.673335613789504	0.0	1	481	37	444	HC1		0.9989983743491754
1B	haifa_priv	Haifa-Legacy K/L	porttr	porttr	12	12	-0.6297230987046625	0.0118026123817429	-53.354552224281875	0.0	1	481	37	444	HC1		0.9989983743491754
1B	haifa_priv	Haifa-Legacy K/L	porttr	porttr	13	13	-0.6396719377452362	0.0119568313527653	-53.49844945310635	0.0	1	481	37	444	HC1		0.9989983743491754
1B	haifa_priv	Haifa-Legacy K/L	porttr	porttr	14	14	-0.6489203989552799	0.012383485568016	-52.40207980144973	0.0	1	481	37	444	HC1		0.9989983743491754
1B	haifa_priv	Haifa-Legacy K/L	porttr	porttr	15	15	-0.6920784051819223	0.0130903224162116	-52.869469763771626	0.0	1	481	37	444	HC1		0.9989983743491754
1B	haifa_priv	Haifa-Legacy K/L	porttr	porttr	16	16	-0.7013446984624068	0.0139760220120482	-50.18199727059695	0.0	1	481	37	444	HC1		0.9989983743491754
1B	haifa_priv	Haifa-Legacy K/L	porttr	porttr	17	17	-0.7107445852496572	0.0150436772987949	-47.2454022466031	0.0	1	481	37	444	HC1		0.9989983743491754
1B	haifa_priv	Haifa-Legacy K/L	porttr	porttr	18	18	-0.7041829374856352	0.0137685863445871	-51.14417122150448	0.0	1	481	37	444	HC1		0.9989983743491754
1B	haifa_priv	Haifa-Legacy K/L	porttr	porttr	19	19	-0.7121384488295257	0.0133155200395658	-53.48183523538481	0.0	1	481	37	444	HC1		0.9989983743491754
1B	haifa_priv	Haifa-Legacy K/L	porttr	porttr	20	20	-0.7199546764024882	0.0130372153181849	-55.22304102765402	0.0	1	481	37	444	HC1		0.9989983743491754
1B	haifa_priv	Haifa-Legacy K/L	porttr	porttr	21	21	-0.6674963103188297	0.012933068488714	-51.61159634322776	0.0	1	481	37	444	HC1		0.9989983743491754
1B	haifa_priv	Haifa-Legacy K/L	porttr	porttr	22	22	-0.6750399334835515	0.0129925402774747	-51.955962349708486	0.0	1	481	37	444	HC1		0.9989983743491754
1B	haifa_priv	Haifa-Legacy K/L	porttr	porttr	23	23	-0.639397862838611	0.0148999250063439	-42.91282423008009	0.0	1	481	37	444	HC1		0.9989983743491754
1B	haifa_priv	Haifa-Legacy K/L	porttr	porttr	24	24					0	481	37	444	HC1		0.9989983743491754
