design	table_group	reform	target	target_key	spec_name	bin_label	a	b	beta	se	t	pvalue	n_event_obs	n_obs	r2	se_type
TWFE	competition	haifa_comp	Haifa-Legacy	haifa_legacy	baseline	pre_8_5	-8	-5	0.1286041566308822	0.03755598437786742	3.4243319343447034	0.0006163129235748255	4	41	0.7858141832860036	HC1
TWFE	competition	haifa_comp	Haifa-Legacy	haifa_legacy	baseline	pre_4_2	-4	-2	0.10623366291432479	0.03662348493653381	2.9006978199486215	0.003723327409983866	3	41	0.7858141832860036	HC1
TWFE	competition	haifa_comp	Haifa-Legacy	haifa_legacy	baseline	q0	0	0	0.028033782447419497	5.045012965339366e-14	555673149702.8716	0.0	1	41	0.7858141832860036	HC1
TWFE	competition	haifa_comp	Haifa-Legacy	haifa_legacy	baseline	q1	1	1	0.00292988306191537	4.88333622699671e-14	59997569811.35151	0.0	1	41	0.7858141832860036	HC1
TWFE	competition	haifa_comp	Haifa-Legacy	haifa_legacy	baseline	q2	2	2	-0.13244560831099728	0.012241301154679786	-10.819569475289317	2.780805507945423e-27	1	41	0.7858141832860036	HC1
TWFE	competition	haifa_comp	Haifa-Legacy	haifa_legacy	baseline	q3	3	3	-0.05969579988086082	0.012241301154679777	-4.8765894349425	1.0793576258364365e-06	1	41	0.7858141832860036	HC1
TWFE	competition	haifa_comp	Haifa-Legacy	haifa_legacy	baseline	q4	4	4	0.0447926897186548	0.01224130115467978	3.6591444939274944	0.00025305863279150465	1	41	0.7858141832860036	HC1
TWFE	competition	haifa_comp	Haifa-Legacy	haifa_legacy	baseline	y2_q5_8	5	8	0.5560028398996701	0.3607827698444947	1.5411014227184952	0.12329210366728412	4	41	0.7858141832860036	HC1
TWFE	competition	haifa_comp	Haifa-Legacy	haifa_legacy	baseline	y3_q9_12	9	12	-0.0362597871401098	0.18317220638328116	-0.19795463436323696	0.8430805578152711	4	41	0.7858141832860036	HC1
TWFE	competition	haifa_comp	Haifa-Legacy	haifa_legacy	baseline	y4p_q13_40	13	40	-0.34805160071434127	4.7290394164854673e-14	-7359879460954.179	0.0	1	41	0.7858141832860036	HC1
TWFE	competition	haifa_comp	Haifa-Legacy	haifa_legacy	porttr	pre_8_5	-8	-5	-0.49189264441780844	0.4287294188505545	-1.1473265486110045	0.25124668558449537	4	41	0.664555564505163	HC1
TWFE	competition	haifa_comp	Haifa-Legacy	haifa_legacy	porttr	pre_4_2	-4	-2	-0.13536170419697724	0.1568008317363231	-0.8632715955525161	0.38798815750327287	3	41	0.664555564505163	HC1
TWFE	competition	haifa_comp	Haifa-Legacy	haifa_legacy	porttr	q0	0	0	0.10722096542498871	0.07611204366824757	1.4087253509094666	0.15891639579788475	1	41	0.664555564505163	HC1
TWFE	competition	haifa_comp	Haifa-Legacy	haifa_legacy	porttr	q1	1	1	0.18304286689815963	0.15222408733649487	1.202456655191101	0.22918664999148974	1	41	0.664555564505163	HC1
TWFE	competition	haifa_comp	Haifa-Legacy	haifa_legacy	porttr	q2	2	2	0.10106496959170563	0.22833613100474298	0.4426148816089308	0.6580443188715781	1	41	0.664555564505163	HC1
TWFE	competition	haifa_comp	Haifa-Legacy	haifa_legacy	porttr	q3	3	3	0.3561667677869156	0.30444817467298996	1.169876509095438	0.24205066851704138	1	41	0.664555564505163	HC1
TWFE	competition	haifa_comp	Haifa-Legacy	haifa_legacy	porttr	q4	4	4	0.6747459283208839	0.3805602183412378	1.7730332699038391	0.07622319409759544	1	41	0.664555564505163	HC1
TWFE	competition	haifa_comp	Haifa-Legacy	haifa_legacy	porttr	y2_q5_8	5	8	1.2937817647319192	0.6007476964658696	2.153619185463532	0.031270048448664725	4	41	0.664555564505163	HC1
TWFE	competition	haifa_comp	Haifa-Legacy	haifa_legacy	porttr	y3_q9_12	9	12	1.1207539087307734	0.9853459859841518	1.137421702298181	0.25536203908930866	4	41	0.664555564505163	HC1
TWFE	competition	haifa_comp	Haifa-Legacy	haifa_legacy	porttr	y4p_q13_40	13	40	1.1785345984287863	1.0655686113554657	1.1060147473090647	0.26872013634303604	1	41	0.664555564505163	HC1
TWFE	competition	ashdod_comp	Ashdod-Legacy	ashdod_legacy	baseline	pre_8_5	-8	-5	0.49696382730900035	0.05099198012252778	9.74592134125512	1.920289445614594e-22	4	31	0.9406259958408599	HC1
TWFE	competition	ashdod_comp	Ashdod-Legacy	ashdod_legacy	baseline	pre_4_2	-4	-2	0.5601460842517502	0.02634382234115492	21.262900918393957	2.5044687938087095e-100	1	31	0.9406259958408599	HC1
TWFE	competition	ashdod_comp	Ashdod-Legacy	ashdod_legacy	baseline	q0	0	0	-0.10745951068034643	0.02634382234115489	-4.079116131620386	4.520725091768339e-05	1	31	0.9406259958408599	HC1
TWFE	competition	ashdod_comp	Ashdod-Legacy	ashdod_legacy	baseline	q1	1	1	-0.8048321485090941	0.026343822341154732	-30.551077140076696	5.471358961595229e-205	1	31	0.9406259958408599	HC1
TWFE	competition	ashdod_comp	Ashdod-Legacy	ashdod_legacy	baseline	q2	2	2	0.38069344669779337	0.026343822341154927	14.450957107430279	2.4722635441898423e-47	1	31	0.9406259958408599	HC1
TWFE	competition	ashdod_comp	Ashdod-Legacy	ashdod_legacy	baseline	q3	3	3	0.5598907221476384	0.026343822341154764	21.253207484358395	3.0789671273819164e-100	1	31	0.9406259958408599	HC1
TWFE	competition	ashdod_comp	Ashdod-Legacy	ashdod_legacy	baseline	q4	4	4	0.7821014689519683	0.026343822341154805	29.688230463434113	1.08951812756668e-193	1	31	0.9406259958408599	HC1
TWFE	competition	ashdod_comp	Ashdod-Legacy	ashdod_legacy	baseline	y2_q5_8	5	8	0.6315922792227875	0.21355553815968714	2.957508312196106	0.0031013638711620863	4	31	0.9406259958408599	HC1
TWFE	competition	ashdod_comp	Ashdod-Legacy	ashdod_legacy	baseline	y3_q9_12	9	12	0.0	0.0			0	31	0.9406259958408599	HC1
TWFE	competition	ashdod_comp	Ashdod-Legacy	ashdod_legacy	baseline	y4p_q13_40	13	40	0.0	0.0			0	31	0.9406259958408599	HC1
TWFE	competition	ashdod_comp	Ashdod-Legacy	ashdod_legacy	porttr	pre_8_5	-8	-5	0.5999009016592671	0.14897976134376115	4.02672749807294	5.655851577109416e-05	4	31	0.24910611499668867	HC1
TWFE	competition	ashdod_comp	Ashdod-Legacy	ashdod_legacy	porttr	pre_4_2	-4	-2	0.5148235702671107	0.10013932906340675	5.141072694237166	2.731743275168493e-07	1	31	0.24910611499668867	HC1
TWFE	competition	ashdod_comp	Ashdod-Legacy	ashdod_legacy	porttr	q0	0	0	0.4279507931049369	0.01932548859491731	22.144371201951905	1.1819887646187188e-108	1	31	0.24910611499668867	HC1
TWFE	competition	ashdod_comp	Ashdod-Legacy	ashdod_legacy	porttr	q1	1	1	0.20857539556740345	0.013070813320054591	15.957338725615916	2.533042577244686e-57	1	31	0.24910611499668867	HC1
TWFE	competition	ashdod_comp	Ashdod-Legacy	ashdod_legacy	porttr	q2	2	2	0.3464698580525505	0.02919944424835903	11.865631931402998	1.7854923504092375e-32	1	31	0.24910611499668867	HC1
TWFE	competition	ashdod_comp	Ashdod-Legacy	ashdod_legacy	porttr	q3	3	3	0.23090686881927747	0.04918087697599762	4.695053911543097	2.6653641937366493e-06	1	31	0.24910611499668867	HC1
TWFE	competition	ashdod_comp	Ashdod-Legacy	ashdod_legacy	porttr	q4	4	4	0.10235962628448303	0.06978036620707342	1.4668829048665433	0.1424079116978914	1	31	0.24910611499668867	HC1
TWFE	competition	ashdod_comp	Ashdod-Legacy	ashdod_legacy	porttr	y2_q5_8	5	8	0.18369997581260122	0.1379530410473525	1.331612369092654	0.1829875982842969	4	31	0.24910611499668867	HC1
TWFE	competition	ashdod_comp	Ashdod-Legacy	ashdod_legacy	porttr	y3_q9_12	9	12	0.0	0.0			0	31	0.24910611499668867	HC1
TWFE	competition	ashdod_comp	Ashdod-Legacy	ashdod_legacy	porttr	y4p_q13_40	13	40	0.0	0.0			0	31	0.24910611499668867	HC1
TWFE	privatization	haifa_priv	Haifa-Legacy	haifa_legacy	baseline	pre_8_5	-8	-5	-0.8482185323357742	0.030178676352323845	-28.10655187236066	8.146767014075565e-174	2	28	0.8970271780336675	HC1
TWFE	privatization	haifa_priv	Haifa-Legacy	haifa_legacy	baseline	pre_4_2	-4	-2	-1.0696374255617587	0.3856654722267288	-2.7734850604747154	0.0055459386760321255	3	28	0.8970271780336675	HC1
TWFE	privatization	haifa_priv	Haifa-Legacy	haifa_legacy	baseline	q0	0	0	0.35199325409143745	6.653297293329639e-14	5290508428720.5	0.0	1	28	0.8970271780336675	HC1
TWFE	privatization	haifa_priv	Haifa-Legacy	haifa_legacy	baseline	q1	1	1	-0.6595894915464082	7.419903177467837e-14	-8889462244593.654	0.0	1	28	0.8970271780336675	HC1
TWFE	privatization	haifa_priv	Haifa-Legacy	haifa_legacy	baseline	q2	2	2	-0.9642757602457811	6.940110639459345e-14	-13894241898150.791	0.0	1	28	0.8970271780336675	HC1
TWFE	privatization	haifa_priv	Haifa-Legacy	haifa_legacy	baseline	q3	3	3	-1.349165844565943	6.671608120480651e-14	-20222498387221.566	0.0	1	28	0.8970271780336675	HC1
TWFE	privatization	haifa_priv	Haifa-Legacy	haifa_legacy	baseline	q4	4	4	-0.7161915072033528	6.607426987825598e-14	-10839189120408.885	0.0	1	28	0.8970271780336675	HC1
TWFE	privatization	haifa_priv	Haifa-Legacy	haifa_legacy	baseline	y2_q5_8	5	8	-1.1939061398911768	0.15083755136449226	-7.915178475724228	2.4689865463647335e-15	3	28	0.8970271780336675	HC1
TWFE	privatization	haifa_priv	Haifa-Legacy	haifa_legacy	baseline	y3_q9_12	9	12	0.0	0.0			0	28	0.8970271780336675	HC1
TWFE	privatization	haifa_priv	Haifa-Legacy	haifa_legacy	baseline	y4p_q13_40	13	40	0.0	0.0			0	28	0.8970271780336675	HC1
TWFE	privatization	haifa_priv	Haifa-Legacy	haifa_legacy	porttr	pre_8_5	-8	-5	-0.6734788568105035	0.05894201695414481	-11.426125056671383	3.096195223667634e-30	2	28	0.8349536799473694	HC1
TWFE	privatization	haifa_priv	Haifa-Legacy	haifa_legacy	porttr	pre_4_2	-4	-2	-0.7215335858031873	0.10955193172938364	-6.586224217255496	4.511523601164593e-11	3	28	0.8349536799473694	HC1
TWFE	privatization	haifa_priv	Haifa-Legacy	haifa_legacy	porttr	q0	0	0	0.5057184474370997	0.012577085313096504	40.20951077675331	0.0	1	28	0.8349536799473694	HC1
TWFE	privatization	haifa_priv	Haifa-Legacy	haifa_legacy	porttr	q1	1	1	-0.5141914781387622	0.025154170626193014	-20.44159935861034	7.136190695428428e-93	1	28	0.8349536799473694	HC1
TWFE	privatization	haifa_priv	Haifa-Legacy	haifa_legacy	porttr	q2	2	2	-0.781230535676003	0.0377312559392896	-20.705129374251936	3.1139768597308305e-95	1	28	0.8349536799473694	HC1
TWFE	privatization	haifa_priv	Haifa-Legacy	haifa_legacy	porttr	q3	3	3	-1.104267317869243	0.050308341252386146	-21.949984642295618	8.663071862614118e-107	1	28	0.8349536799473694	HC1
TWFE	privatization	haifa_priv	Haifa-Legacy	haifa_legacy	porttr	q4	4	4	-0.46939203304364074	0.06288542656548268	-7.464241855064181	8.378059116420973e-14	1	28	0.8349536799473694	HC1
TWFE	privatization	haifa_priv	Haifa-Legacy	haifa_legacy	porttr	y2_q5_8	5	8	-0.9143556699817796	0.13404137213154654	-6.821443674005682	9.013010805314388e-12	3	28	0.8349536799473694	HC1
TWFE	privatization	haifa_priv	Haifa-Legacy	haifa_legacy	porttr	y3_q9_12	9	12	0.0	0.0			0	28	0.8349536799473694	HC1
TWFE	privatization	haifa_priv	Haifa-Legacy	haifa_legacy	porttr	y4p_q13_40	13	40	0.0	0.0			0	28	0.8349536799473694	HC1
TWFE	privatization	haifa_priv	Haifa-Bayport	haifa_bayport_placebo	baseline	pre_8_5	-8	-5	0.8482185323357736	0.030178676352323835	28.10655187236065	8.146767014077885e-174	2	28	0.8970271780336675	HC1
TWFE	privatization	haifa_priv	Haifa-Bayport	haifa_bayport_placebo	baseline	pre_4_2	-4	-2	1.069637425561756	0.3856654722267279	2.773485060474715	0.005545938676032136	3	28	0.8970271780336675	HC1
TWFE	privatization	haifa_priv	Haifa-Bayport	haifa_bayport_placebo	baseline	q0	0	0	-0.3519932540914339	1.6432189040545812e-14	-21420959387876.06	0.0	1	28	0.8970271780336675	HC1
TWFE	privatization	haifa_priv	Haifa-Bayport	haifa_bayport_placebo	baseline	q1	1	1	0.6595894915464082	1.3681966404241064e-14	48208676447411.26	0.0	1	28	0.8970271780336675	HC1
TWFE	privatization	haifa_priv	Haifa-Bayport	haifa_bayport_placebo	baseline	q2	2	2	0.964275760245783	1.9101188603933878e-14	50482500342789.71	0.0	1	28	0.8970271780336675	HC1
TWFE	privatization	haifa_priv	Haifa-Bayport	haifa_bayport_placebo	baseline	q3	3	3	1.3491658445659434	1.8526544927063784e-14	72823392050563.45	0.0	1	28	0.8970271780336675	HC1
TWFE	privatization	haifa_priv	Haifa-Bayport	haifa_bayport_placebo	baseline	q4	4	4	0.7161915072033538	1.4104180087472183e-14	50778670065302.11	0.0	1	28	0.8970271780336675	HC1
TWFE	privatization	haifa_priv	Haifa-Bayport	haifa_bayport_placebo	baseline	y2_q5_8	5	8	1.1939061398911768	0.15083755136449248	7.9151784757242165	2.4689865463649567e-15	3	28	0.8970271780336675	HC1
TWFE	privatization	haifa_priv	Haifa-Bayport	haifa_bayport_placebo	baseline	y3_q9_12	9	12	0.0	0.0			0	28	0.8970271780336675	HC1
TWFE	privatization	haifa_priv	Haifa-Bayport	haifa_bayport_placebo	baseline	y4p_q13_40	13	40	0.0	0.0			0	28	0.8970271780336675	HC1
TWFE	privatization	haifa_priv	Haifa-Bayport	haifa_bayport_placebo	porttr	pre_8_5	-8	-5	0.05600512236941446	0.09765147901355195	0.573520472348833	0.5662923415986387	2	28	0.10552686890983587	HC1
TWFE	privatization	haifa_priv	Haifa-Bayport	haifa_bayport_placebo	porttr	pre_4_2	-4	-2	0.2953329272448584	0.1789727764436928	1.650155588538763	0.09891111765146925	3	28	0.10552686890983587	HC1
TWFE	privatization	haifa_priv	Haifa-Bayport	haifa_bayport_placebo	porttr	q0	0	0	0.180110649602522	0.020813276455239785	8.653642303260655	4.988137936240583e-18	1	28	0.10552686890983587	HC1
TWFE	privatization	haifa_priv	Haifa-Bayport	haifa_bayport_placebo	porttr	q1	1	1	0.19816892592136295	0.04162655291047964	4.760637431293841	1.929824680312135e-06	1	28	0.10552686890983587	HC1
TWFE	privatization	haifa_priv	Haifa-Bayport	haifa_bayport_placebo	porttr	q2	2	2	0.26220159334035076	0.06243982936571927	4.19926825559688	2.6777893236308468e-05	1	28	0.10552686890983587	HC1
TWFE	privatization	haifa_priv	Haifa-Bayport	haifa_bayport_placebo	porttr	q3	3	3	0.35044035172413013	0.083253105820959	4.209336676012712	2.561215031426414e-05	1	28	0.10552686890983587	HC1
TWFE	privatization	haifa_priv	Haifa-Bayport	haifa_bayport_placebo	porttr	q4	4	4	0.37872675544399836	0.10406638227619887	3.639280497315965	0.00027340086988137074	1	28	0.10552686890983587	HC1
TWFE	privatization	haifa_priv	Haifa-Bayport	haifa_bayport_placebo	porttr	y2_q5_8	5	8	0.4642486637073979	0.14963515201239153	3.1025374550289677	0.001918692665989804	3	28	0.10552686890983587	HC1
TWFE	privatization	haifa_priv	Haifa-Bayport	haifa_bayport_placebo	porttr	y3_q9_12	9	12	0.0	0.0			0	28	0.10552686890983587	HC1
TWFE	privatization	haifa_priv	Haifa-Bayport	haifa_bayport_placebo	porttr	y4p_q13_40	13	40	0.0	0.0			0	28	0.10552686890983587	HC1
