reform	target	spec_name	event_time	beta	se	t	pvalue	n_obs	r2
haifa_comp	Haifa-Bayport terminal	baseline	-24	2.6622104089939396	2.5999341643244044e-14	102395300832000.78	0.0	91	1.0
haifa_comp	Haifa-Bayport terminal	baseline	-23	2.7407284258101363	2.814489998094479e-14	97379220663982.39	0.0	91	1.0
haifa_comp	Haifa-Bayport terminal	baseline	-22	2.4252775575963006	2.504424408800489e-14	96839718902033.2	0.0	91	1.0
haifa_comp	Haifa-Bayport terminal	baseline	-21	2.486651882136271	7.008715963114681e-15	354794215548606.75	0.0	91	1.0
haifa_comp	Haifa-Bayport terminal	baseline	-20	2.701563444876064	2.3663970319707022e-14	114163574766920.67	0.0	91	1.0
haifa_comp	Haifa-Bayport terminal	baseline	-19	2.6609798540708525	2.1871353618929142e-14	121665073887691.94	0.0	91	1.0
haifa_comp	Haifa-Bayport terminal	baseline	-18	2.6771341666987287	3.7155045960609864e-14	72053044142023.34	0.0	91	1.0
haifa_comp	Haifa-Bayport terminal	baseline	-17	2.4866753886670483	4.1410702411957626e-14	60049099479872.71	0.0	91	1.0
haifa_comp	Haifa-Bayport terminal	baseline	-16	2.5748783404791036	2.1691740248781905e-14	118703170467094.97	0.0	91	1.0
haifa_comp	Haifa-Bayport terminal	baseline	-15	2.5810825683299843	1.8998397136676118e-14	135857912104976.66	0.0	91	1.0
haifa_comp	Haifa-Bayport terminal	baseline	-14	2.513765418217683	1.784514144677615e-14	140865536186142.84	0.0	91	1.0
haifa_comp	Haifa-Bayport terminal	baseline	-13	2.7613449985092435	5.08193377015462e-15	543365010918910.2	0.0	91	1.0
haifa_comp	Haifa-Bayport terminal	baseline	-12	2.6650255528633977	2.943411636381514e-14	90542060781537.5	0.0	91	1.0
haifa_comp	Haifa-Bayport terminal	baseline	-11	2.5793418137738175	2.782339769353607e-15	927040558519943.0	0.0	91	1.0
haifa_comp	Haifa-Bayport terminal	baseline	-10	2.488525853022537	2.9101497090382526e-14	85511953054983.77	0.0	91	1.0
haifa_comp	Haifa-Bayport terminal	baseline	-9	2.6055163937838937	1.6698750127280036e-14	156030623485249.5	0.0	91	1.0
haifa_comp	Haifa-Bayport terminal	baseline	-8	2.6410360570863887	2.0611689825591782e-14	128132922600418.66	0.0	91	1.0
haifa_comp	Haifa-Bayport terminal	baseline	-7	2.554860243528534	3.970044186238444e-14	64353446049405.94	0.0	91	1.0
haifa_comp	Haifa-Bayport terminal	baseline	-6	2.636662651211464	1.582325211565263e-14	166632158290850.5	0.0	91	1.0
haifa_comp	Haifa-Bayport terminal	baseline	-5	2.726828012254867	6.0092283111903094e-15	453773408338804.9	0.0	91	1.0
haifa_comp	Haifa-Bayport terminal	baseline	-4	2.6302369579841516	6.590703342839782e-15	399082893154593.56	0.0	91	1.0
haifa_comp	Haifa-Bayport terminal	baseline	-3	2.6711277717758772	3.1575035241477625e-14	84596192889344.05	0.0	91	1.0
haifa_comp	Haifa-Bayport terminal	baseline	-2	-2.5980729957950874	1.234109560225796e-14	-210522070286833.94	0.0	91	1.0
haifa_comp	Haifa-Bayport terminal	baseline	0	-4.38339105982706	6.20405441614624e-15	-706536526891052.4	0.0	91	1.0
haifa_comp	Haifa-Bayport terminal	baseline	1	1.054868009030719	3.067936225034959e-14	34383635501376.785	0.0	91	1.0
haifa_comp	Haifa-Bayport terminal	baseline	2	1.0548680090307299	8.520099221671068e-15	123809357330915.67	0.0	91	1.0
haifa_comp	Haifa-Bayport terminal	baseline	3	1.0548680090307263	8.971103599854705e-15	117585088310407.08	0.0	91	1.0
haifa_comp	Haifa-Bayport terminal	baseline	4	0.42841495247650374	2.4037914726871595e-14	17822467437143.605	0.0	91	1.0
haifa_comp	Haifa-Bayport terminal	baseline	5	0.4284149524765174	3.678362347535979e-14	11646893698863.01	0.0	91	1.0
haifa_comp	Haifa-Bayport terminal	baseline	6	0.42841495247650907	1.9544447840856512e-15	219200335545388.47	0.0	91	1.0
haifa_comp	Haifa-Bayport terminal	baseline	7	0.2785827002778496	1.312421215156024e-14	21226622753483.223	0.0	91	1.0
haifa_comp	Haifa-Bayport terminal	baseline	8	0.2785827002778509	1.5548951273723876e-14	17916494519384.527	0.0	91	1.0
haifa_comp	Haifa-Bayport terminal	baseline	9	0.2785827002778496	8.259569393377626e-15	33728477479856.54	0.0	91	1.0
haifa_comp	Haifa-Bayport terminal	baseline	10	-0.1621747226283059	1.1515838869709967e-14	-14082753715395.67	0.0	91	1.0
haifa_comp	Haifa-Bayport terminal	baseline	11	-0.1621747226283068	1.6877156283487577e-14	-9609126081683.367	0.0	91	1.0
haifa_comp	Haifa-Bayport terminal	baseline	12	-0.16217472262831745	1.7725978823608135e-14	-9148985466028.367	0.0	91	1.0
haifa_comp	Haifa-Bayport terminal	baseline	13	-0.030791082253798674	1.3163598464601806e-14	-2339108286886.666	0.0	91	1.0
haifa_comp	Haifa-Legacy terminal	baseline	-24	2.6622104089939396	2.6339314905203574e-14	101073639104713.22	0.0	91	1.0
haifa_comp	Haifa-Legacy terminal	baseline	-23	2.7407284258101363	2.845925400868191e-14	96303593375077.14	0.0	91	1.0
haifa_comp	Haifa-Legacy terminal	baseline	-22	2.425277557596302	2.780927138585888e-14	87211114737424.03	0.0	91	1.0
haifa_comp	Haifa-Legacy terminal	baseline	-21	2.486651882136271	6.665831339461087e-15	373044524456466.3	0.0	91	1.0
haifa_comp	Haifa-Legacy terminal	baseline	-20	2.7015634448760633	1.7658779754355084e-14	152986983384839.6	0.0	91	1.0
haifa_comp	Haifa-Legacy terminal	baseline	-19	2.6609798540708534	2.189940122259004e-14	121509251646842.05	0.0	91	1.0
haifa_comp	Haifa-Legacy terminal	baseline	-18	2.6771341666987287	3.748854401381233e-14	71412060327345.9	0.0	91	1.0
haifa_comp	Haifa-Legacy terminal	baseline	-17	2.4866753886670483	4.173854751794345e-14	59577429894943.61	0.0	91	1.0
haifa_comp	Haifa-Legacy terminal	baseline	-16	2.5748783404791036	2.1362969647325736e-14	120529981692008.47	0.0	91	1.0
haifa_comp	Haifa-Legacy terminal	baseline	-15	2.581082568329984	1.438501974835026e-14	179428503643590.38	0.0	91	1.0
haifa_comp	Haifa-Legacy terminal	baseline	-14	2.513765418217683	1.8109659785427302e-14	138807986897715.75	0.0	91	1.0
haifa_comp	Haifa-Legacy terminal	baseline	-13	2.7613449985092435	6.1226139107109976e-15	451007533510891.94	0.0	91	1.0
haifa_comp	Haifa-Legacy terminal	baseline	-12	2.6650255528633977	2.909116062417175e-14	91609461282511.94	0.0	91	1.0
haifa_comp	Haifa-Legacy terminal	baseline	-11	2.5793418137738167	2.7096224384192162e-15	951919270080519.1	0.0	91	1.0
haifa_comp	Haifa-Legacy terminal	baseline	-10	2.488525853022537	2.9425739889641475e-14	84569695183724.31	0.0	91	1.0
haifa_comp	Haifa-Legacy terminal	baseline	-9	2.605516393783894	1.6911309156484765e-14	154069467341314.0	0.0	91	1.0
haifa_comp	Haifa-Legacy terminal	baseline	-8	2.6410360570863887	2.041085719384217e-14	129393686507354.19	0.0	91	1.0
haifa_comp	Haifa-Legacy terminal	baseline	-7	2.554860243528534	3.9953540651331504e-14	63945778068192.055	0.0	91	1.0
haifa_comp	Haifa-Legacy terminal	baseline	-6	2.6366626512114633	1.7716480463258953e-14	148825420301705.25	0.0	91	1.0
haifa_comp	Haifa-Legacy terminal	baseline	-5	2.726828012254867	5.710107201130214e-15	477544101398856.44	0.0	91	1.0
haifa_comp	Haifa-Legacy terminal	baseline	-4	2.6302369579841516	6.5037260567649725e-15	404420010164521.2	0.0	91	1.0
haifa_comp	Haifa-Legacy terminal	baseline	-3	2.6711277717758772	3.166928607840231e-14	84344426494587.83	0.0	91	1.0
haifa_comp	Haifa-Legacy terminal	baseline	-2	-2.5980729957950874	1.260377390141927e-14	-206134528920939.06	0.0	91	1.0
haifa_comp	Haifa-Legacy terminal	baseline	0	-4.377713872604372	6.4482383084521645e-15	-678900757570667.1	0.0	91	1.0
haifa_comp	Haifa-Legacy terminal	baseline	1	1.0605451962534065	3.0290935726737186e-14	35011965487658.574	0.0	91	1.0
haifa_comp	Haifa-Legacy terminal	baseline	2	1.0605451962534171	1.0233353258079916e-14	103636136612018.73	0.0	91	1.0
haifa_comp	Haifa-Legacy terminal	baseline	3	1.0605451962534147	4.045874135449468e-15	262130051689211.94	0.0	91	1.0
haifa_comp	Haifa-Legacy terminal	baseline	4	0.43409213969919125	2.3617591582051385e-14	18380034144933.195	0.0	91	1.0
haifa_comp	Haifa-Legacy terminal	baseline	5	0.434092139699204	3.6826933753358816e-14	11787354945335.693	0.0	91	1.0
haifa_comp	Haifa-Legacy terminal	baseline	6	0.4340921396991959	4.058851928061618e-15	106949489016344.8	0.0	91	1.0
haifa_comp	Haifa-Legacy terminal	baseline	7	0.2842598875005373	1.382074676616699e-14	20567621439704.1	0.0	91	1.0
haifa_comp	Haifa-Legacy terminal	baseline	8	0.28425988750053777	1.030138146517163e-14	27594346298271.145	0.0	91	1.0
haifa_comp	Haifa-Legacy terminal	baseline	9	0.28425988750053754	1.030138146517176e-14	27594346298270.777	0.0	91	1.0
haifa_comp	Haifa-Legacy terminal	baseline	10	-0.15649753540561928	1.3267801051290799e-14	-11795288066246.21	0.0	91	1.0
haifa_comp	Haifa-Legacy terminal	baseline	11	-0.15649753540562084	1.4475318229490286e-14	-10811336436582.889	0.0	91	1.0
haifa_comp	Haifa-Legacy terminal	baseline	12	-0.15649753540563083	2.1174261007622734e-14	-7390932573717.294	0.0	91	1.0
haifa_comp	Haifa-Legacy terminal	baseline	13	-0.02511389503111161	1.0665550912608088e-14	-2354673962638.318	0.0	91	1.0
ashdod_comp	Ashdod-HCT terminal	baseline	-24	-0.3238334074862381	6.666789725223431e-15	-48574114503871.67	0.0	95	1.0
ashdod_comp	Ashdod-HCT terminal	baseline	-23	-0.44082394824760396	9.535195628826591e-15	-46231243218011.68	0.0	95	1.0
ashdod_comp	Ashdod-HCT terminal	baseline	-22	-0.47634361155010474	1.3846305400262764e-15	-344022176154705.56	0.0	95	1.0
ashdod_comp	Ashdod-HCT terminal	baseline	-21	-0.39016779799224466	8.351924859133546e-15	-46715913346078.87	0.0	95	1.0
ashdod_comp	Ashdod-HCT terminal	baseline	-20	-0.47197020567517933	3.820315353946839e-15	-123542211034379.17	0.0	95	1.0
ashdod_comp	Ashdod-HCT terminal	baseline	-19	-0.5621355667185757	7.728919057705257e-15	-72731459926231.36	0.0	95	1.0
ashdod_comp	Ashdod-HCT terminal	baseline	-18	-0.46554451244785966	1.2142066528006545e-14	-38341456240092.9	0.0	95	1.0
ashdod_comp	Ashdod-HCT terminal	baseline	-17	-0.5064353262395924	8.883789384560509e-15	-57006678604937.05	0.0	95	1.0
ashdod_comp	Ashdod-HCT terminal	baseline	-16	4.762765441331377	6.672691363682324e-15	713769779200913.8	0.0	95	1.0
ashdod_comp	Ashdod-HCT terminal	baseline	-15	4.778050539357038	1.785948793735699e-14	267535696214599.12	0.0	95	1.0
ashdod_comp	Ashdod-HCT terminal	baseline	-14	4.35259997757325	4.3804249423808616e-14	99364788458343.3	0.0	95	1.0
ashdod_comp	Ashdod-HCT terminal	baseline	-13	-1.0856590912845259	1.8601394395877134e-14	-58364392914821.18	0.0	95	1.0
ashdod_comp	Ashdod-HCT terminal	baseline	-12	-1.0856590912845232	1.7037953186704442e-14	-63720041919807.41	0.0	95	1.0
ashdod_comp	Ashdod-HCT terminal	baseline	-11	-1.0856590912845308	2.0945238834481174e-14	-51833216124385.3	0.0	95	1.0
ashdod_comp	Ashdod-HCT terminal	baseline	-10	-0.45920603473030397	2.681003142956588e-14	-17128142349877.865	0.0	95	1.0
ashdod_comp	Ashdod-HCT terminal	baseline	-9	-0.4592060347303071	1.4280075069798825e-14	-32157116295662.184	0.0	95	1.0
ashdod_comp	Ashdod-HCT terminal	baseline	-8	-0.4592060347303133	1.4042057149534808e-14	-32702190985280.676	0.0	95	1.0
ashdod_comp	Ashdod-HCT terminal	baseline	-7	-0.30937378253164727	1.0159933184487616e-14	-30450375697746.242	0.0	95	1.0
ashdod_comp	Ashdod-HCT terminal	baseline	-6	-0.30937378253165626	9.450955975916253e-15	-32734654919568.918	0.0	95	1.0
ashdod_comp	Ashdod-HCT terminal	baseline	-5	-0.3093737825316506	1.513935105213743e-14	-20435075550214.688	0.0	95	1.0
ashdod_comp	Ashdod-HCT terminal	baseline	-4	0.1313836403745121	8.708514158136337e-15	15086803327036.08	0.0	95	1.0
ashdod_comp	Ashdod-HCT terminal	baseline	-3	0.13138364037451558	1.8278662050214723e-14	7187814951312.161	0.0	95	1.0
ashdod_comp	Ashdod-HCT terminal	baseline	-2	0.13138364037451078	1.07051377917201e-14	12272951822827.502	0.0	95	1.0
ashdod_comp	Ashdod-HCT terminal	baseline	0	6.217248937900877e-15	1.379993456443325e-14	0.45052742162449616	0.6523301862875484	95	1.0
ashdod_comp	Ashdod-HCT terminal	baseline	1	8.620610659351278e-15	1.765727453859528e-14	0.4882186455507809	0.6253949789441737	95	1.0
ashdod_comp	Ashdod-HCT terminal	baseline	2	-0.4576488180739062	2.8121594783278797e-14	-16273928331618.87	0.0	95	1.0
ashdod_comp	Ashdod-HCT terminal	baseline	3	-0.45764881807390767	1.7477399479358287e-14	-26185178098973.742	0.0	95	1.0
ashdod_comp	Ashdod-HCT terminal	baseline	4	-0.45764881807391156	7.021028574738051e-15	-65182588733586.81	0.0	95	1.0
ashdod_comp	Ashdod-HCT terminal	baseline	5	0.013841015435936133	5.192754570798276e-15	2665447643871.2896	0.0	95	1.0
ashdod_comp	Ashdod-HCT terminal	baseline	6	0.013841015435934079	1.3381422239676517e-14	1034345616484.2365	0.0	95	1.0
ashdod_comp	Ashdod-HCT terminal	baseline	7	0.013841015435935189	4.354257078951373e-15	3178731798552.5312	0.0	95	1.0
ashdod_comp	Ashdod-HCT terminal	baseline	8	-0.04969681262761583	6.4909432135170866e-15	-7656331444115.015	0.0	95	1.0
ashdod_comp	Ashdod-HCT terminal	baseline	9	-0.049696812627616604	1.2195375091361723e-14	-4075054047564.15	0.0	95	1.0
ashdod_comp	Ashdod-HCT terminal	baseline	10	-0.04969681262761583	8.438226177592086e-15	-5889485726228.448	0.0	95	1.0
ashdod_comp	Ashdod-Legacy terminal	baseline	-24	-0.34390860587436833	6.26802385583123e-15	-54867150123308.055	0.0	95	1.0
ashdod_comp	Ashdod-Legacy terminal	baseline	-23	-0.46089914663573417	1.0135082506346214e-14	-45475618609630.08	0.0	95	1.0
ashdod_comp	Ashdod-Legacy terminal	baseline	-22	-0.4964188099382345	1.496936152024291e-15	-331623235411164.75	0.0	95	1.0
ashdod_comp	Ashdod-Legacy terminal	baseline	-21	-0.410242996380374	7.64299237362239e-15	-53675704007792.914	0.0	95	1.0
ashdod_comp	Ashdod-Legacy terminal	baseline	-20	-0.4920454040633091	3.9497730400705594e-15	-124575614616712.03	0.0	95	1.0
ashdod_comp	Ashdod-Legacy terminal	baseline	-19	-0.582210765106705	9.462753265996051e-15	-61526571468248.19	0.0	95	1.0
ashdod_comp	Ashdod-Legacy terminal	baseline	-18	-0.4856197108359894	1.2627172508245166e-14	-38458309690383.516	0.0	95	1.0
ashdod_comp	Ashdod-Legacy terminal	baseline	-17	-0.5265105246277226	9.566333413195248e-15	-55037860576914.914	0.0	95	1.0
ashdod_comp	Ashdod-Legacy terminal	baseline	-16	4.742690242943247	7.588435179913722e-15	624989227752377.0	0.0	95	1.0
ashdod_comp	Ashdod-Legacy terminal	baseline	-15	4.800442106789953	1.660142049403327e-14	289158515593005.06	0.0	95	1.0
ashdod_comp	Ashdod-Legacy terminal	baseline	-14	4.3525999775732505	4.476398408544853e-14	97234418841377.31	0.0	95	1.0
ashdod_comp	Ashdod-Legacy terminal	baseline	-13	-1.0856590912845276	1.802625034691897e-14	-60226562395994.21	0.0	95	1.0
ashdod_comp	Ashdod-Legacy terminal	baseline	-12	-1.0856590912845228	1.679198353056469e-14	-64653415679476.53	0.0	95	1.0
ashdod_comp	Ashdod-Legacy terminal	baseline	-11	-1.0856590912845312	2.043616544101625e-14	-53124403128268.25	0.0	95	1.0
ashdod_comp	Ashdod-Legacy terminal	baseline	-10	-0.45920603473030397	2.4878185835071486e-14	-18458180101016.375	0.0	95	1.0
ashdod_comp	Ashdod-Legacy terminal	baseline	-9	-0.45920603473030686	1.234986172233436e-14	-37183091200110.06	0.0	95	1.0
ashdod_comp	Ashdod-Legacy terminal	baseline	-8	-0.45920603473031196	1.2981886427074967e-14	-35372827925269.305	0.0	95	1.0
ashdod_comp	Ashdod-Legacy terminal	baseline	-7	-0.30937378253164816	6.8999672821581125e-15	-44836992681345.71	0.0	95	1.0
ashdod_comp	Ashdod-Legacy terminal	baseline	-6	-0.3093737825316554	9.179579925148587e-15	-33702389984544.703	0.0	95	1.0
ashdod_comp	Ashdod-Legacy terminal	baseline	-5	-0.3093737825316508	1.6123168462026523e-14	-19188150471806.56	0.0	95	1.0
ashdod_comp	Ashdod-Legacy terminal	baseline	-4	0.13138364037451122	8.537502841930025e-15	15389001070576.52	0.0	95	1.0
ashdod_comp	Ashdod-Legacy terminal	baseline	-3	0.13138364037451558	1.6420931774089754e-14	8000985704223.137	0.0	95	1.0
ashdod_comp	Ashdod-Legacy terminal	baseline	-2	0.1313836403745121	1.0385509141643998e-14	12650669175927.799	0.0	95	1.0
ashdod_comp	Ashdod-Legacy terminal	baseline	0	5.329070518200751e-15	9.36137143299538e-15	0.5692617322519373	0.5691785325045313	95	1.0
ashdod_comp	Ashdod-Legacy terminal	baseline	1	9.06469986920134e-15	1.7657274538579156e-14	0.5133691413924608	0.6076931272220811	95	1.0
ashdod_comp	Ashdod-Legacy terminal	baseline	2	-0.4576488180739058	2.847149969252498e-14	-16073927366532.742	0.0	95	1.0
ashdod_comp	Ashdod-Legacy terminal	baseline	3	-0.45764881807390767	1.3754062078824833e-14	-33273720552598.367	0.0	95	1.0
ashdod_comp	Ashdod-Legacy terminal	baseline	4	-0.45764881807391156	7.569675526022705e-15	-60458181661899.0	0.0	95	1.0
ashdod_comp	Ashdod-Legacy terminal	baseline	5	0.013841015435935689	4.6806857164151036e-15	2957048662206.7847	0.0	95	1.0
ashdod_comp	Ashdod-Legacy terminal	baseline	6	0.013841015435935855	1.1483650817489147e-14	1205280067803.5713	0.0	95	1.0
ashdod_comp	Ashdod-Legacy terminal	baseline	7	0.013841015435935855	2.9028380525913607e-15	4768097697899.473	0.0	95	1.0
ashdod_comp	Ashdod-Legacy terminal	baseline	8	-0.04969681262761583	4.543660249387911e-15	-10937616348913.988	0.0	95	1.0
ashdod_comp	Ashdod-Legacy terminal	baseline	9	-0.04969681262761616	1.404205714952304e-14	-3539140462001.6226	0.0	95	1.0
ashdod_comp	Ashdod-Legacy terminal	baseline	10	-0.04969681262761583	7.597454245161816e-15	-6541245399307.745	0.0	95	1.0
haifa_priv	Haifa-Legacy terminal	baseline	-24	1.3680972369831048				117	0.9473313190845971
haifa_priv	Haifa-Legacy terminal	baseline	-23	1.2819214234252376				117	0.9473313190845971
haifa_priv	Haifa-Legacy terminal	baseline	-22	1.363723831108179				117	0.9473313190845971
haifa_priv	Haifa-Legacy terminal	baseline	-21	1.4538891921515757				117	0.9473313190845971
haifa_priv	Haifa-Legacy terminal	baseline	-20	1.3572981378808615				117	0.9473313190845971
haifa_priv	Haifa-Legacy terminal	baseline	-19	1.3981889516725898				117	0.9473313190845971
haifa_priv	Haifa-Legacy terminal	baseline	-18	-3.8710118158983757				117	0.9473313190845971
haifa_priv	Haifa-Legacy terminal	baseline	-17	-4.0813933048295645				117	0.9473313190845971
haifa_priv	Haifa-Legacy terminal	baseline	-16	-2.9017333183821705	3.0391091843954237	-0.9547973245849074	0.3396802006383923	117	0.9473313190845971
haifa_priv	Haifa-Legacy terminal	baseline	-15	0.7237727275230306	0.75803807665434	0.9547973245848781	0.3396802006384072	117	0.9473313190845971
haifa_priv	Haifa-Legacy terminal	baseline	-14	0.7237727275230232	0.7580380766543197	0.9547973245848941	0.3396802006383991	117	0.9473313190845971
haifa_priv	Haifa-Legacy terminal	baseline	-13	0.7237727275230217	0.7580380766543204	0.954797324584891	0.33968020063840076	117	0.9473313190845971
haifa_priv	Haifa-Legacy terminal	baseline	-12	0.30613735648687657	0.3206307229861383	0.9547973245848672	0.33968020063841264	117	0.9473313190845971
haifa_priv	Haifa-Legacy terminal	baseline	-11	0.306137356486874	0.32063072298613177	0.9547973245848788	0.33968020063840687	117	0.9473313190845971
haifa_priv	Haifa-Legacy terminal	baseline	-10	0.30613735648687923	0.32063072298613843	0.9547973245848752	0.33968020063840854	117	0.9473313190845971
haifa_priv	Haifa-Legacy terminal	baseline	-9	0.20624918835443617	0.2160135801010063	0.9547973245848508	0.3396802006384211	117	0.9473313190845971
haifa_priv	Haifa-Legacy terminal	baseline	-8	0.20624918835443484	0.21601358010100266	0.9547973245848607	0.3396802006384161	117	0.9473313190845971
haifa_priv	Haifa-Legacy terminal	baseline	-7	0.2062491883544412	0.21601358010101607	0.9547973245848309	0.33968020063843096	117	0.9473313190845971
haifa_priv	Haifa-Legacy terminal	baseline	-6	-0.08758909358300038	0.09173579704056803	-0.9547973245849287	0.33968020063838156	117	0.9473313190845971
haifa_priv	Haifa-Legacy terminal	baseline	-5	-0.08758909358300745	0.09173579704056925	-0.9547973245849932	0.33968020063834903	117	0.9473313190845971
haifa_priv	Haifa-Legacy terminal	baseline	-4	-0.0875890935829986	0.09173579704055981	-0.9547973245849949	0.33968020063834803	117	0.9473313190845971
haifa_priv	Haifa-Legacy terminal	baseline	-3	3.2496646015641163e-15	4.877069466877676e-10	6.663150122494703e-06	0.999994683575391	117	0.9473313190845971
haifa_priv	Haifa-Legacy terminal	baseline	-2	8.881784197001252e-16				117	0.9473313190845971
haifa_priv	Haifa-Legacy terminal	baseline	0	0.30509921204928014	0.3195434299964418	0.9547973245848851	0.33968020063840365	117	0.9473313190845971
haifa_priv	Haifa-Legacy terminal	baseline	1	0.3050992120492708	0.3195434299964274	0.954797324584899	0.33968020063839666	117	0.9473313190845971
haifa_priv	Haifa-Legacy terminal	baseline	2	0.3050992120492708	0.3195434299964357	0.9547973245848741	0.3396802006384092	117	0.9473313190845971
haifa_priv	Haifa-Legacy terminal	baseline	3	-0.00922734362395683	0.009664190908749128	-0.9547973245854638	0.3396802006381109	117	0.9473313190845971
haifa_priv	Haifa-Legacy terminal	baseline	4	-0.009227343623951167	0.009664190908738934	-0.9547973245858851	0.33968020063789783	117	0.9473313190845971
haifa_priv	Haifa-Legacy terminal	baseline	5	-0.009227343623961048	0.009664190908752012	-0.9547973245856154	0.3396802006380343	117	0.9473313190845971
haifa_priv	Haifa-Legacy terminal	baseline	6	0.03313120841841233	0.03469972900565445	0.9547973245846813	0.3396802006385068	117	0.9473313190845971
haifa_priv	Haifa-Legacy terminal	baseline	7	0.03313120841840264	0.03469972900563955	0.954797324584812	0.3396802006384406	117	0.9473313190845971
haifa_priv	Haifa-Legacy terminal	baseline	8	0.033131208418423874	0.03469972900566738	0.954797324584658	0.33968020063851845	117	0.9473313190845971
haifa_comp	Haifa-Bayport terminal	porttr	-24	2.6265032548696543	1.8687188896129084e-11	140551009007.7655	0.0	91	1.0
haifa_comp	Haifa-Bayport terminal	porttr	-23	2.7051351928262926	4.4886089697023753e-11	60266670834.67645	0.0	91	1.0
haifa_comp	Haifa-Bayport terminal	porttr	-22	2.3897982457346916	2.556766160429895e-11	93469566467.23103	0.0	91	1.0
haifa_comp	Haifa-Bayport terminal	porttr	-21	2.4512864914062895	3.0694962598015653e-11	79859569255.99117	0.0	91	1.0
haifa_comp	Haifa-Bayport terminal	porttr	-20	2.6663119752680906	1.0532832317884244e-11	253142924409.87793	0.0	91	1.0
haifa_comp	Haifa-Bayport terminal	porttr	-19	2.6258423056023767	4.1759914795756915e-11	62879493850.62395	0.0	91	1.0
haifa_comp	Haifa-Bayport terminal	porttr	-18	2.642110539363248	4.86014851634612e-11	54362753123.22344	0.0	91	1.0
haifa_comp	Haifa-Bayport terminal	porttr	-17	2.451765682452727	4.253256753621735e-11	57644431654.99	0.0	91	1.0
haifa_comp	Haifa-Bayport terminal	porttr	-16	2.5400825553843243	1.5546006300939292e-11	163391324190.4998	0.0	91	1.0
haifa_comp	Haifa-Bayport terminal	porttr	-15	2.546400704387821	5.5156095236636826e-11	46167167807.34693	0.0	91	1.0
haifa_comp	Haifa-Bayport terminal	porttr	-14	2.479197475386748	4.81856194327496e-12	514509827739.5494	0.0	91	1.0
haifa_comp	Haifa-Bayport terminal	porttr	-13	2.726890976819711	3.594879326617853e-11	75854868246.30728	0.0	91	1.0
haifa_comp	Haifa-Bayport terminal	porttr	-12	2.630685452286026	2.3158488380442685e-11	113594868934.00334	0.0	91	1.0
haifa_comp	Haifa-Bayport terminal	porttr	-11	2.545115634336773	2.653338344606324e-11	95921262341.47466	0.0	91	1.0
haifa_comp	Haifa-Bayport terminal	porttr	-10	2.4544135947172627	2.2091396019310208e-11	111102693219.19931	0.0	91	1.0
haifa_comp	Haifa-Bayport terminal	porttr	-9	2.571518056620379	6.32339266225358e-11	40666746380.79365	0.0	91	1.0
haifa_comp	Haifa-Bayport terminal	porttr	-8	2.6071516410335605	3.075923470923779e-11	84759964468.5102	0.0	91	1.0
haifa_comp	Haifa-Bayport terminal	porttr	-7	2.521089748617609	3.5383294690589157e-11	71250847911.80115	0.0	91	1.0
haifa_comp	Haifa-Bayport terminal	porttr	-6	2.6030060774124104	2.1388262506382915e-11	121702549547.23851	0.0	91	1.0
haifa_comp	Haifa-Bayport terminal	porttr	-5	2.6932853596043302	5.2208700677538236e-11	51586906485.93488	0.0	91	1.0
haifa_comp	Haifa-Bayport terminal	porttr	-4	2.5968082264569636	2.5373329798055865e-11	102344006369.07869	0.0	91	1.0
haifa_comp	Haifa-Bayport terminal	porttr	-3	2.6378129613806665	2.9380499970998166e-11	89781078061.45172	0.0	91	1.0
haifa_comp	Haifa-Bayport terminal	porttr	-2	-2.631273885068342	1.983399102987281e-11	-132664872193.66336	0.0	91	1.0
haifa_comp	Haifa-Bayport terminal	porttr	0	-4.199826146007749	1.432597230474821e-10	-29316168261.862095	0.0	91	1.0
haifa_comp	Haifa-Bayport terminal	porttr	1	1.2385468439735854	4.0051895325329025e-11	30923551405.326927	0.0	91	1.0
haifa_comp	Haifa-Bayport terminal	porttr	2	1.238660765095159	1.5106613345916006e-10	8199460307.429028	0.0	91	1.0
haifa_comp	Haifa-Bayport terminal	porttr	3	1.2387746862333346	1.0235041553601688e-10	12103269730.228039	0.0	91	1.0
haifa_comp	Haifa-Bayport terminal	porttr	4	0.6124355507911639	5.5627230832351884e-11	11009635777.788553	0.0	91	1.0
haifa_comp	Haifa-Bayport terminal	porttr	5	0.6125494719389535	5.554980064297935e-11	11027032767.873137	0.0	91	1.0
haifa_comp	Haifa-Bayport terminal	porttr	6	0.61266339306225	1.0393960938693637e-10	5894416928.021018	0.0	91	1.0
haifa_comp	Haifa-Bayport terminal	porttr	7	0.46294506200481234	1.1273658557808369e-10	4106431462.607735	0.0	91	1.0
haifa_comp	Haifa-Bayport terminal	porttr	8	0.46305898312577276	8.973028379025007e-11	5160565235.7926445	0.0	91	1.0
haifa_comp	Haifa-Bayport terminal	porttr	9	0.4631729042586641	1.5107002740610184e-10	3065948369.848222	0.0	91	1.0
haifa_comp	Haifa-Bayport terminal	porttr	10	0.02252940247934676	4.935719541796009e-11	456456293.5265314	0.0	91	1.0
haifa_comp	Haifa-Bayport terminal	porttr	11	0.022643323608764865	4.791233762533551e-11	472599015.8491312	0.0	91	1.0
haifa_comp	Haifa-Bayport terminal	porttr	12	0.022757244728373482	5.384099582429734e-11	422675033.7723806	0.0	91	1.0
haifa_comp	Haifa-Bayport terminal	porttr	13	0.15425480625118615	5.725414817916201e-11	2694211880.831512	0.0	91	1.0
haifa_comp	Haifa-Legacy terminal	porttr	-24	2.6269749417941326	1.8690893936527696e-11	140548384187.24445	0.0	91	1.0
haifa_comp	Haifa-Legacy terminal	porttr	-23	2.705605374867264	4.489545822185578e-11	60264567553.742775	0.0	91	1.0
haifa_comp	Haifa-Legacy terminal	porttr	-22	2.3902669228921547	2.5574002971653925e-11	93464715928.1835	0.0	91	1.0
haifa_comp	Haifa-Legacy terminal	porttr	-21	2.451753663680244	3.069768333810375e-11	79867709777.20605	0.0	91	1.0
haifa_comp	Haifa-Legacy terminal	porttr	-20	2.666777642658537	1.05384467807465e-11	253052247465.03235	0.0	91	1.0
haifa_comp	Haifa-Legacy terminal	porttr	-19	2.6263064681093167	4.177263250904342e-11	62871461776.81628	0.0	91	1.0
haifa_comp	Haifa-Legacy terminal	porttr	-18	2.6425731969866804	4.8608294846042073e-11	54364655360.91216	0.0	91	1.0
haifa_comp	Haifa-Legacy terminal	porttr	-17	2.452226835192651	4.254389564128157e-11	57639922208.091934	0.0	91	1.0
haifa_comp	Haifa-Legacy terminal	porttr	-16	2.5405422032407383	1.5545902195500525e-11	163421985504.06754	0.0	91	1.0
haifa_comp	Haifa-Legacy terminal	porttr	-15	2.5468588473607303	5.516366271472424e-11	46169139647.80886	0.0	91	1.0
haifa_comp	Haifa-Legacy terminal	porttr	-14	2.4796541134761476	4.821621609375967e-12	514278040536.04987	0.0	91	1.0
haifa_comp	Haifa-Legacy terminal	porttr	-13	2.7273461100256027	3.595050984847176e-11	75863906284.53189	0.0	91	1.0
haifa_comp	Haifa-Legacy terminal	porttr	-12	2.631139080608408	2.3161970418597703e-11	113597376779.98923	0.0	91	1.0
haifa_comp	Haifa-Legacy terminal	porttr	-11	2.545567757775648	2.65390338973952e-11	95917875820.84874	0.0	91	1.0
haifa_comp	Haifa-Legacy terminal	porttr	-10	2.4548642132726317	2.209770703920074e-11	111091354814.22432	0.0	91	1.0
haifa_comp	Haifa-Legacy terminal	porttr	-9	2.571967170292241	6.324418983325751e-11	40667248281.197044	0.0	91	1.0
haifa_comp	Haifa-Legacy terminal	porttr	-8	2.6075992498219116	3.076314921761466e-11	84763729206.52829	0.0	91	1.0
haifa_comp	Haifa-Legacy terminal	porttr	-7	2.5215358525224554	3.539221990599979e-11	71245484437.52739	0.0	91	1.0
haifa_comp	Haifa-Legacy terminal	porttr	-6	2.6034506764337455	2.139207528862425e-11	121701641440.00526	0.0	91	1.0
haifa_comp	Haifa-Legacy terminal	porttr	-5	2.693728453742162	5.220829877294972e-11	51595790651.15684	0.0	91	1.0
haifa_comp	Haifa-Legacy terminal	porttr	-4	2.597249815711284	2.5380675647505567e-11	102331783904.52122	0.0	91	1.0
haifa_comp	Haifa-Legacy terminal	porttr	-3	2.638253045751481	2.938922961317568e-11	89769384243.01903	0.0	91	1.0
haifa_comp	Haifa-Legacy terminal	porttr	-2	-2.630835305581037	1.9836599854985954e-11	-132625315064.75761	0.0	91	1.0
haifa_comp	Haifa-Legacy terminal	porttr	0	-4.196573827744002	1.432589294851669e-10	-29293628277.311104	0.0	91	1.0
haifa_comp	Haifa-Legacy terminal	porttr	1	1.2417976573538247	4.005443692700258e-11	31002749074.13991	0.0	91	1.0
haifa_comp	Haifa-Legacy terminal	porttr	2	1.2419100735918904	1.510642623778614e-10	8221071311.263977	0.0	91	1.0
haifa_comp	Haifa-Legacy terminal	porttr	3	1.2420224898465593	1.0235258384112547e-10	12134744851.917576	0.0	91	1.0
haifa_comp	Haifa-Legacy terminal	porttr	4	0.6156818495208767	5.563932733429815e-11	11065587580.19613	0.0	91	1.0
haifa_comp	Haifa-Legacy terminal	porttr	5	0.6157942657851623	5.554583729343978e-11	11086236085.19968	0.0	91	1.0
haifa_comp	Haifa-Legacy terminal	porttr	6	0.6159066820249479	1.039368268794734e-10	5925779153.708069	0.0	91	1.0
haifa_comp	Haifa-Legacy terminal	porttr	7	0.4661868460840046	1.1273880051501889e-10	4135105606.53783	0.0	91	1.0
haifa_comp	Haifa-Legacy terminal	porttr	8	0.4662992623214577	8.974225484750249e-11	5195983353.815125	0.0	91	1.0
haifa_comp	Haifa-Legacy terminal	porttr	9	0.4664116785708401	1.5107836436979525e-10	3087216892.4810567	0.0	91	1.0
haifa_comp	Haifa-Legacy terminal	porttr	10	0.025766671908013183	4.935663765447225e-11	522050794.63467956	0.0	91	1.0
haifa_comp	Haifa-Legacy terminal	porttr	11	0.025879088153924146	4.7910355362184286e-11	540156464.2609717	0.0	91	1.0
haifa_comp	Haifa-Legacy terminal	porttr	12	0.02599150439002429	5.3843960865770536e-11	482719026.8342146	0.0	91	1.0
haifa_comp	Haifa-Legacy terminal	porttr	13	0.15748756102933337	5.725752555750781e-11	2750512871.380678	0.0	91	1.0
ashdod_comp	Ashdod-HCT terminal	porttr	-24	-0.3233071815432127	2.2289410997246375e-12	-145049674746.0729	0.0	95	1.0
ashdod_comp	Ashdod-HCT terminal	porttr	-23	-0.4402933800978319	2.923850158487747e-12	-150586848241.75714	0.0	95	1.0
ashdod_comp	Ashdod-HCT terminal	porttr	-22	-0.4758087011944774	2.5398388894092415e-12	-187338143052.5103	0.0	95	1.0
ashdod_comp	Ashdod-HCT terminal	porttr	-21	-0.3896285454274917	1.7037296178905127e-12	-228691537281.5515	0.0	95	1.0
ashdod_comp	Ashdod-HCT terminal	porttr	-20	-0.4714266109034577	1.796617782287674e-12	-262396718740.68817	0.0	95	1.0
ashdod_comp	Ashdod-HCT terminal	porttr	-19	-0.5615876297413092	3.603225011813825e-12	-155856941462.17416	0.0	95	1.0
ashdod_comp	Ashdod-HCT terminal	porttr	-18	-0.464992233262548	1.5681092188155953e-12	-296530514382.00214	0.0	95	1.0
ashdod_comp	Ashdod-HCT terminal	porttr	-17	-0.5058787048450579	2.6422260968022012e-12	-191459279528.4651	0.0	95	1.0
ashdod_comp	Ashdod-HCT terminal	porttr	-16	4.76332640493154	2.972606723170729e-12	1602407196284.1895	0.0	95	1.0
ashdod_comp	Ashdod-HCT terminal	porttr	-15	4.783508198187663	2.3667824611005085e-12	2021101760219.8318	0.0	95	1.0
ashdod_comp	Ashdod-HCT terminal	porttr	-14	4.352543528878778	4.710165308991376e-12	924074473685.685	0.0	95	1.0
ashdod_comp	Ashdod-HCT terminal	porttr	-13	-1.0857111977722629	7.159756081066448e-13	-1516408080777.168	0.0	95	1.0
ashdod_comp	Ashdod-HCT terminal	porttr	-12	-1.0857068555650997	4.216020810249705e-12	-257519330294.95547	0.0	95	1.0
ashdod_comp	Ashdod-HCT terminal	porttr	-11	-1.0857025133565554	3.2856208139719012e-12	-330440600065.49506	0.0	95	1.0
ashdod_comp	Ashdod-HCT terminal	porttr	-10	-0.4592451145946659	5.055971240124573e-12	-90832224469.56613	0.0	95	1.0
ashdod_comp	Ashdod-HCT terminal	porttr	-9	-0.4592407723866325	5.377715790599048e-12	-85396995726.2237	0.0	95	1.0
ashdod_comp	Ashdod-HCT terminal	porttr	-8	-0.4592364301806886	2.0974731388123375e-12	-218947466683.99496	0.0	95	1.0
ashdod_comp	Ashdod-HCT terminal	porttr	-7	-0.30939983577301466	8.428852459653878e-12	-36707231174.5886	0.0	95	1.0
ashdod_comp	Ashdod-HCT terminal	porttr	-6	-0.30939549356738016	2.6157499776293758e-12	-118281753307.24146	0.0	95	1.0
ashdod_comp	Ashdod-HCT terminal	porttr	-5	-0.3093911513601395	3.248365936598494e-12	-95245165538.25105	0.0	95	1.0
ashdod_comp	Ashdod-HCT terminal	porttr	-4	0.1313706137536932	2.6377825388618062e-12	49803428379.042625	0.0	95	1.0
ashdod_comp	Ashdod-HCT terminal	porttr	-3	0.13137495596079768	5.309836139502636e-12	24741809824.116978	0.0	95	1.0
ashdod_comp	Ashdod-HCT terminal	porttr	-2	0.13137929816844762	3.2242225867043775e-12	40747589422.08649	0.0	95	1.0
ashdod_comp	Ashdod-HCT terminal	porttr	0	4.342206538332505e-06	1.7253433287004536e-12	2516720.2759598577	0.0	95	1.0
ashdod_comp	Ashdod-HCT terminal	porttr	1	8.68441580494851e-06	5.166827292366507e-12	1680802.4177194587	0.0	95	1.0
ashdod_comp	Ashdod-HCT terminal	porttr	2	-0.457635791451231	1.4413152916774195e-12	-317512617880.17883	0.0	95	1.0
ashdod_comp	Ashdod-HCT terminal	porttr	3	-0.4576314492431361	3.471348027159792e-12	-131831048244.84099	0.0	95	1.0
ashdod_comp	Ashdod-HCT terminal	porttr	4	-0.4576271070375597	7.839648959612244e-13	-583734181715.4454	0.0	95	1.0
ashdod_comp	Ashdod-HCT terminal	porttr	5	0.013867068680112504	1.7039137182490475e-12	8138363187.991932	0.0	95	1.0
ashdod_comp	Ashdod-HCT terminal	porttr	6	0.013871410887135838	1.73845596888518e-12	7979155719.446355	0.0	95	1.0
ashdod_comp	Ashdod-HCT terminal	porttr	7	0.013875753096167454	3.5731792856319062e-12	3883307269.792808	0.0	95	1.0
ashdod_comp	Ashdod-HCT terminal	porttr	8	-0.04965773276133678	7.233116737845519e-13	-68653299208.506905	0.0	95	1.0
ashdod_comp	Ashdod-HCT terminal	porttr	9	-0.049653390554711796	4.601988723163437e-12	-10789550679.424467	0.0	95	1.0
ashdod_comp	Ashdod-HCT terminal	porttr	10	-0.04964904834804251	2.3551685361842132e-12	-21080889789.943733	0.0	95	1.0
ashdod_comp	Ashdod-Legacy terminal	porttr	-24	-0.34455898932963747	2.375315709472859e-12	-145058186562.53638	0.0	95	1.0
ashdod_comp	Ashdod-Legacy terminal	porttr	-23	-0.4615548967973355	3.0693345596626154e-12	-150376209509.09637	0.0	95	1.0
ashdod_comp	Ashdod-Legacy terminal	porttr	-22	-0.4970799268071384	2.6930186948420735e-12	-184580941736.1986	0.0	95	1.0
ashdod_comp	Ashdod-Legacy terminal	porttr	-21	-0.41090947995307747	1.8152734269687492e-12	-226362306553.0345	0.0	95	1.0
ashdod_comp	Ashdod-Legacy terminal	porttr	-20	-0.4927172543421219	1.8471315739339174e-12	-266747242749.3404	0.0	95	1.0
ashdod_comp	Ashdod-Legacy terminal	porttr	-19	-0.5828879820931299	3.830836747632354e-12	-152156831651.30524	0.0	95	1.0
ashdod_comp	Ashdod-Legacy terminal	porttr	-18	-0.48630229452736984	1.6677349626908326e-12	-291594471187.87866	0.0	95	1.0
ashdod_comp	Ashdod-Legacy terminal	porttr	-17	-0.5271984750228045	2.810267060946896e-12	-187597286517.37796	0.0	95	1.0
ashdod_comp	Ashdod-Legacy terminal	porttr	-16	4.7419969258406365	3.1814978045302688e-12	1490491968621.92	0.0	95	1.0
ashdod_comp	Ashdod-Legacy terminal	porttr	-15	4.793696770550165	2.469262714068965e-12	1941347408373.121	0.0	95	1.0
ashdod_comp	Ashdod-Legacy terminal	porttr	-14	4.352669744748475	5.036751512459896e-12	864181950207.5609	0.0	95	1.0
ashdod_comp	Ashdod-Legacy terminal	porttr	-13	-1.085594690815642	8.287799902518385e-13	-1309870778233.6372	0.0	95	1.0
ashdod_comp	Ashdod-Legacy terminal	porttr	-12	-1.0856000575215594	4.50600767613902e-12	-240922815837.668	0.0	95	1.0
ashdod_comp	Ashdod-Legacy terminal	porttr	-11	-1.0856054242260154	3.473323151619842e-12	-312555261009.8272	0.0	95	1.0
ashdod_comp	Ashdod-Legacy terminal	porttr	-10	-0.45915773437712604	5.4335017155934455e-12	-84504939615.53429	0.0	95	1.0
ashdod_comp	Ashdod-Legacy terminal	porttr	-9	-0.4591631010820949	5.737222688471441e-12	-80032295417.91222	0.0	95	1.0
ashdod_comp	Ashdod-Legacy terminal	porttr	-8	-0.4591684677893113	2.2018847221384747e-12	-208534290270.82126	0.0	95	1.0
ashdod_comp	Ashdod-Legacy terminal	porttr	-7	-0.3093415822945963	8.898299427642484e-12	-34764123730.61189	0.0	95	1.0
ashdod_comp	Ashdod-Legacy terminal	porttr	-6	-0.3093469490020797	2.804140305747442e-12	-110317928232.06236	0.0	95	1.0
ashdod_comp	Ashdod-Legacy terminal	porttr	-5	-0.30935231570791877	3.3909819441712113e-12	-91227945415.53581	0.0	95	1.0
ashdod_comp	Ashdod-Legacy terminal	porttr	-4	0.13139974049291503	2.80810138848727e-12	46793089819.20355	0.0	95	1.0
ashdod_comp	Ashdod-Legacy terminal	porttr	-3	0.1313943737869378	5.615673391901547e-12	23397794817.701424	0.0	95	1.0
ashdod_comp	Ashdod-Legacy terminal	porttr	-2	0.13138900708158818	3.462526882256546e-12	37945989027.51661	0.0	95	1.0
ashdod_comp	Ashdod-Legacy terminal	porttr	0	-5.366706559151169e-06	1.8310077292197595e-12	-2931012.5093999812	0.0	95	1.0
ashdod_comp	Ashdod-Legacy terminal	porttr	1	-1.0733410216379955e-05	5.496426607009893e-12	-1952797.8782962465	0.0	95	1.0
ashdod_comp	Ashdod-Legacy terminal	porttr	2	-0.4576649181903325	1.531619491658168e-12	-298811108557.2915	0.0	95	1.0
ashdod_comp	Ashdod-Legacy terminal	porttr	3	-0.4576702848952378	3.696101381906275e-12	-123825143740.8335	0.0	95	1.0
ashdod_comp	Ashdod-Legacy terminal	porttr	4	-0.45767565160281665	8.371948818251622e-13	-546677555654.7138	0.0	95	1.0
ashdod_comp	Ashdod-Legacy terminal	porttr	5	0.013808815201852676	1.8405772554786804e-12	7502437162.44413	0.0	95	1.0
ashdod_comp	Ashdod-Legacy terminal	porttr	6	0.01380344849579851	1.871762019891462e-12	7374574518.078389	0.0	95	1.0
ashdod_comp	Ashdod-Legacy terminal	porttr	7	0.013798081791904726	3.851691640559116e-12	3582343312.898688	0.0	95	1.0
ashdod_comp	Ashdod-Legacy terminal	porttr	8	-0.049745112978755834	7.58605822222314e-13	-65574388597.531395	0.0	95	1.0
ashdod_comp	Ashdod-Legacy terminal	porttr	9	-0.04975047968521101	4.8956133111192985e-12	-10162256804.926535	0.0	95	1.0
ashdod_comp	Ashdod-Legacy terminal	porttr	10	-0.04975584639161923	2.4769425469345195e-12	-20087606171.24422	0.0	95	1.0
haifa_priv	Haifa-Legacy terminal	porttr	-24	-26.78142380529168				117	0.9477066101302017
haifa_priv	Haifa-Legacy terminal	porttr	-23	-26.879039854498064				117	0.9477066101302017
haifa_priv	Haifa-Legacy terminal	porttr	-22	-26.808677686742783				117	0.9477066101302017
haifa_priv	Haifa-Legacy terminal	porttr	-21	-26.729952562950572				117	0.9477066101302017
haifa_priv	Haifa-Legacy terminal	porttr	-20	-26.83798385388937				117	0.9477066101302017
haifa_priv	Haifa-Legacy terminal	porttr	-19	-26.808533275856934				117	0.9477066101302017
haifa_priv	Haifa-Legacy terminal	porttr	-18	-32.08917428175579	0.00017064222987895526	-188049.4312839101	0.0	117	0.9477066101302017
haifa_priv	Haifa-Legacy terminal	porttr	-17	-44.2080256346638				117	0.9477066101302017
haifa_priv	Haifa-Legacy terminal	porttr	-16	-2.787330945235322	2.950851513218591	-0.9445852943630797	0.3448706376087636	117	0.9477066101302017
haifa_priv	Haifa-Legacy terminal	porttr	-15	0.8305482758589603	0.8792729244475547	0.9445852962898773	0.344870636624688	117	0.9477066101302017
haifa_priv	Haifa-Legacy terminal	porttr	-14	0.8229214508937737	0.8711986669300987	0.9445852962488536	0.3448706366456401	117	0.9477066101302017
haifa_priv	Haifa-Legacy terminal	porttr	-13	0.8152946258370473	0.8631244094741943	0.9445852960336455	0.34487063675555374	117	0.9477066101302017
haifa_priv	Haifa-Legacy terminal	porttr	-12	0.3900324299625937	0.4129139327039178	0.9445852974941114	0.3448706360096483	117	0.9477066101302017
haifa_priv	Haifa-Legacy terminal	porttr	-11	0.3824056048183061	0.40483967516788594	0.9445852970307901	0.3448706362462808	117	0.9477066101302017
haifa_priv	Haifa-Legacy terminal	porttr	-10	0.374778780327226	0.39676541788319997	0.9445852975965602	0.3448706359573245	117	0.9477066101302017
haifa_priv	Haifa-Legacy terminal	porttr	-9	0.26726378718711497	0.28294298890548414	0.9445852969213995	0.34487063630215	117	0.9477066101302017
haifa_priv	Haifa-Legacy terminal	porttr	-8	0.2596369625403385	0.27486873152736596	0.9445852974895002	0.3448706360120033	117	0.9477066101302017
haifa_priv	Haifa-Legacy terminal	porttr	-7	0.25201013764941865	0.2667944741797258	0.9445852970689802	0.34487063622677605	117	0.9477066101302017
haifa_priv	Haifa-Legacy terminal	porttr	-6	-0.04945496925614945	0.05235627753445387	-0.944585283466817	0.3448706431738239	117	0.9477066101302017
haifa_priv	Haifa-Legacy terminal	porttr	-5	-0.057081794266375885	0.0604305349354686	-0.9445852883369524	0.3448706406864942	117	0.9477066101302017
haifa_priv	Haifa-Legacy terminal	porttr	-4	-0.06470861911025816	0.06850479246229818	-0.9445852878960365	0.3448706409116836	117	0.9477066101302017
haifa_priv	Haifa-Legacy terminal	porttr	-3	0.015253649565136326	0.016148514542415386	0.9445853069067979	0.34487063120229644	117	0.9477066101302017
haifa_priv	Haifa-Legacy terminal	porttr	-2	0.007626824891364237	0.008074257139377579	0.9445853358036808	0.34487061644375994	117	0.9477066101302017
haifa_priv	Haifa-Legacy terminal	porttr	0	0.29747238727027936	0.314923796463885	0.9445852952696544	0.3448706371457475	117	0.9477066101302017
haifa_priv	Haifa-Legacy terminal	porttr	1	0.28984556235868975	0.30684953909903967	0.944585294831218	0.34487063736967083	117	0.9477066101302017
haifa_priv	Haifa-Legacy terminal	porttr	2	0.2822187376530434	0.29877528186760705	0.9445852946365886	0.344870637469074	117	0.9477066101302017
haifa_priv	Haifa-Legacy terminal	porttr	3	-0.039734642982748286	0.04206570103241585	-0.9445853036450943	0.34487063286815	117	0.9477066101302017
haifa_priv	Haifa-Legacy terminal	porttr	4	-0.047361467793830325	0.050139958675646516	-0.9445852977304959	0.3448706358889194	117	0.9477066101302017
haifa_priv	Haifa-Legacy terminal	porttr	5	-0.05498829282840245	0.05821421595115184	-0.9445853032624146	0.34487063306359644	117	0.9477066101302017
haifa_priv	Haifa-Legacy terminal	porttr	6	-0.020256565799038118	0.021444929933025388	-0.944585310481375	0.3448706293766488	117	0.9477066101302017
haifa_priv	Haifa-Legacy terminal	porttr	7	-0.02788339065340978	0.029519187085509203	-0.9445853157351197	0.34487062669339796	117	0.9477066101302017
haifa_priv	Haifa-Legacy terminal	porttr	8	-0.03551021511580643	0.037593444188000175	-0.944585309561535	0.3448706298464397	117	0.9477066101302017
