design	table_group	reform	target	target_key	spec_name	window	a	b	beta	se	n_obs	r2	used_bins
TWFE	competition	haifa_comp	Haifa-Legacy	haifa_legacy	baseline	avg_pre	-4	-2	1.1511092968939254e-17	1.1435358482355096e-17	36	0.7756064956012865	bin_pre_4_2
TWFE	competition	haifa_comp	Haifa-Legacy	haifa_legacy	baseline	post_y1	1	4	0.02356198669035919	0.057040515661217775	36	0.7756064956012865	bin_q1,bin_q2,bin_q3,bin_q4
TWFE	competition	haifa_comp	Haifa-Legacy	haifa_legacy	baseline	post_y2	5	8	0.5369326109753902	0.40770509022344253	36	0.7756064956012865	bin_y2_q5_8
TWFE	competition	haifa_comp	Haifa-Legacy	haifa_legacy	baseline	post_y3	9	12	-0.05533001606438853	0.2127484128125064	36	0.7756064956012865	bin_y3_q9_12
TWFE	competition	haifa_comp	Haifa-Legacy	haifa_legacy	baseline	post_y1_2	1	8	0.28024729883287475	0.17987599625348769	36	0.7756064956012865	bin_q1,bin_q2,bin_q3,bin_q4,bin_y2_q5_8
TWFE	competition	haifa_comp	Haifa-Legacy	haifa_legacy	baseline	full_post	1	40	-0.20646882258689928	0.005704051566121355	36	0.7756064956012865	bin_q1,bin_q2,bin_q3,bin_q4,bin_y2_q5_8,bin_y3_q9_12,bin_y4p_q13_40
TWFE	competition	haifa_comp	Haifa-Legacy	haifa_legacy	porttr	avg_pre	-4	-2	6.848037560016779e-16	6.245301767615903e-16	36	0.6655674258664863	bin_pre_4_2
TWFE	competition	haifa_comp	Haifa-Legacy	haifa_legacy	porttr	post_y1	1	4	-0.38139027236451445	0.3092240602843367	36	0.6655674258664863	bin_q1,bin_q2,bin_q3,bin_q4
TWFE	competition	haifa_comp	Haifa-Legacy	haifa_legacy	porttr	post_y2	5	8	0.77997496715155	0.2703849596032252	36	0.6655674258664863	bin_y2_q5_8
TWFE	competition	haifa_comp	Haifa-Legacy	haifa_legacy	porttr	post_y3	9	12	0.8032857190839726	0.8094844203774982	36	0.6655674258664863	bin_y3_q9_12
TWFE	competition	haifa_comp	Haifa-Legacy	haifa_legacy	porttr	post_y1_2	1	8	0.19929234739351778	0.10892054486483893	36	0.6655674258664863	bin_q1,bin_q2,bin_q3,bin_q4,bin_y2_q5_8
TWFE	competition	haifa_comp	Haifa-Legacy	haifa_legacy	porttr	full_post	1	40	0.8088316685054232	0.7545061136129446	36	0.6655674258664863	bin_q1,bin_q2,bin_q3,bin_q4,bin_y2_q5_8,bin_y3_q9_12,bin_y4p_q13_40
TWFE	competition	haifa_comp	Haifa-Aggregate	haifa_port_agg	baseline	avg_pre	-4	-2	0.10623366291432643	0.037939716159064815	44	0.9009139017564262	bin_pre_4_2
TWFE	competition	haifa_comp	Haifa-Aggregate	haifa_port_agg	baseline	post_y1	1	4	0.036336105209546235	1.5278192081975755e-14	44	0.9009139017564262	bin_q1,bin_q2,bin_q3,bin_q4
TWFE	competition	haifa_comp	Haifa-Aggregate	haifa_port_agg	baseline	post_y2	5	8	0.2636746504380539	0.1131696684223238	44	0.9009139017564262	bin_y2_q5_8
TWFE	competition	haifa_comp	Haifa-Aggregate	haifa_port_agg	baseline	post_y3	9	12	-0.07754112016360024	0.12424512258813332	44	0.9009139017564262	bin_y3_q9_12
TWFE	competition	haifa_comp	Haifa-Aggregate	haifa_port_agg	baseline	post_y1_2	1	8	0.15000537782380005	0.05658483421116187	44	0.9009139017564262	bin_q1,bin_q2,bin_q3,bin_q4,bin_y2_q5_8
TWFE	competition	haifa_comp	Haifa-Aggregate	haifa_port_agg	baseline	full_post	1	40	-0.19932524271104363	0.016806018070250447	44	0.9009139017564262	bin_q1,bin_q2,bin_q3,bin_q4,bin_y2_q5_8,bin_y3_q9_12,bin_y4p_q13_40
TWFE	competition	haifa_comp	Haifa-Aggregate	haifa_port_agg	porttr	avg_pre	-4	-2	0.017826846724809275	0.07502266140691977	44	0.6539726748251546	bin_pre_4_2
TWFE	competition	haifa_comp	Haifa-Aggregate	haifa_port_agg	porttr	post_y1	1	4	0.05437905863120322	0.10648730487134367	44	0.6539726748251546	bin_q1,bin_q2,bin_q3,bin_q4
TWFE	competition	haifa_comp	Haifa-Aggregate	haifa_port_agg	porttr	post_y2	5	8	0.3307474258426364	0.23941148633619516	44	0.6539726748251546	bin_y2_q5_8
TWFE	competition	haifa_comp	Haifa-Aggregate	haifa_port_agg	porttr	post_y3	9	12	0.3028380901101907	0.42079473549776214	44	0.6539726748251546	bin_y3_q9_12
TWFE	competition	haifa_comp	Haifa-Aggregate	haifa_port_agg	porttr	post_y1_2	1	8	0.1925632422369198	0.17137314656384112	44	0.6539726748251546	bin_q1,bin_q2,bin_q3,bin_q4,bin_y2_q5_8
TWFE	competition	haifa_comp	Haifa-Aggregate	haifa_port_agg	porttr	full_post	1	40	0.2666540789523917	0.37346006318664055	44	0.6539726748251546	bin_q1,bin_q2,bin_q3,bin_q4,bin_y2_q5_8,bin_y3_q9_12,bin_y4p_q13_40
TWFE	competition	ashdod_comp	Ashdod-Legacy	ashdod_legacy	baseline	avg_pre	-4	-2	0.0		17	1.0	bin_pre_4_2
TWFE	competition	ashdod_comp	Ashdod-Legacy	ashdod_legacy	baseline	post_y1	1	4	0.0		17	1.0	bin_q1,bin_q2,bin_q3,bin_q4
TWFE	competition	ashdod_comp	Ashdod-Legacy	ashdod_legacy	baseline	post_y2	5	8	0.0		17	1.0	bin_y2_q5_8
TWFE	competition	ashdod_comp	Ashdod-Legacy	ashdod_legacy	baseline	post_y3	9	12	0.0		17	1.0	bin_y3_q9_12
TWFE	competition	ashdod_comp	Ashdod-Legacy	ashdod_legacy	baseline	post_y1_2	1	8	0.0		17	1.0	bin_q1,bin_q2,bin_q3,bin_q4,bin_y2_q5_8
TWFE	competition	ashdod_comp	Ashdod-Legacy	ashdod_legacy	baseline	full_post	1	40	0.0		17	1.0	bin_q1,bin_q2,bin_q3,bin_q4,bin_y2_q5_8,bin_y3_q9_12,bin_y4p_q13_40
TWFE	competition	ashdod_comp	Ashdod-Legacy	ashdod_legacy	porttr	avg_pre	-4	-2	0.0	0.0	17	0.026051726780841555	bin_pre_4_2
TWFE	competition	ashdod_comp	Ashdod-Legacy	ashdod_legacy	porttr	post_y1	1	4	0.0	0.0	17	0.026051726780841555	bin_q1,bin_q2,bin_q3,bin_q4
TWFE	competition	ashdod_comp	Ashdod-Legacy	ashdod_legacy	porttr	post_y2	5	8	0.0	0.0	17	0.026051726780841555	bin_y2_q5_8
TWFE	competition	ashdod_comp	Ashdod-Legacy	ashdod_legacy	porttr	post_y3	9	12	0.0	0.0	17	0.026051726780841555	bin_y3_q9_12
TWFE	competition	ashdod_comp	Ashdod-Legacy	ashdod_legacy	porttr	post_y1_2	1	8	0.0	0.0	17	0.026051726780841555	bin_q1,bin_q2,bin_q3,bin_q4,bin_y2_q5_8
TWFE	competition	ashdod_comp	Ashdod-Legacy	ashdod_legacy	porttr	full_post	1	40	0.0	0.0	17	0.026051726780841555	bin_q1,bin_q2,bin_q3,bin_q4,bin_y2_q5_8,bin_y3_q9_12,bin_y4p_q13_40
TWFE	competition	ashdod_comp	Ashdod-Aggregate	ashdod_port_agg	baseline	avg_pre	-4	-2	0.02200100151322104	0.04060616201661805	34	0.9012436672869593	bin_pre_4_2
TWFE	competition	ashdod_comp	Ashdod-Aggregate	ashdod_port_agg	baseline	post_y1	1	4	-0.14982802307355741	3.582503708129742e-14	34	0.9012436672869593	bin_q1,bin_q2,bin_q3,bin_q4
TWFE	competition	ashdod_comp	Ashdod-Aggregate	ashdod_port_agg	baseline	post_y2	5	8	0.20223517762970378	0.14468151443203467	34	0.9012436672869593	bin_y2_q5_8
TWFE	competition	ashdod_comp	Ashdod-Aggregate	ashdod_port_agg	baseline	post_y3	9	12	0.0	0.0	34	0.9012436672869593	bin_y3_q9_12
TWFE	competition	ashdod_comp	Ashdod-Aggregate	ashdod_port_agg	baseline	post_y1_2	1	8	0.02620357727807318	0.07234075721601738	34	0.9012436672869593	bin_q1,bin_q2,bin_q3,bin_q4,bin_y2_q5_8
TWFE	competition	ashdod_comp	Ashdod-Aggregate	ashdod_port_agg	baseline	full_post	1	40	0.005240715455614637	0.014468151443203476	34	0.9012436672869593	bin_q1,bin_q2,bin_q3,bin_q4,bin_y2_q5_8,bin_y3_q9_12,bin_y4p_q13_40
TWFE	competition	ashdod_comp	Ashdod-Aggregate	ashdod_port_agg	porttr	avg_pre	-4	-2	-0.011933408414283253	0.04815560315979199	34	0.6930988540622548	bin_pre_4_2
TWFE	competition	ashdod_comp	Ashdod-Aggregate	ashdod_port_agg	porttr	post_y1	1	4	-0.25573823830115205	0.07125072891477313	34	0.6930988540622548	bin_q1,bin_q2,bin_q3,bin_q4
TWFE	competition	ashdod_comp	Ashdod-Aggregate	ashdod_port_agg	porttr	post_y2	5	8	-0.06155035699264033	0.17814785265267874	34	0.6930988540622548	bin_y2_q5_8
TWFE	competition	ashdod_comp	Ashdod-Aggregate	ashdod_port_agg	porttr	post_y3	9	12	0.0	0.0	34	0.6930988540622548	bin_y3_q9_12
TWFE	competition	ashdod_comp	Ashdod-Aggregate	ashdod_port_agg	porttr	post_y1_2	1	8	-0.1586442976468962	0.12423038242636347	34	0.6930988540622548	bin_q1,bin_q2,bin_q3,bin_q4,bin_y2_q5_8
TWFE	competition	ashdod_comp	Ashdod-Aggregate	ashdod_port_agg	porttr	full_post	1	40	-0.03172885952937923	0.024846076485272695	34	0.6930988540622548	bin_q1,bin_q2,bin_q3,bin_q4,bin_y2_q5_8,bin_y3_q9_12,bin_y4p_q13_40
TWFE	privatization	haifa_priv	Haifa-Aggregate	haifa_port_agg	baseline	avg_pre	-4	-2	-0.17923377630187617	0.043180308924350846	32	0.978766511052472	bin_pre_4_2
TWFE	privatization	haifa_priv	Haifa-Aggregate	haifa_port_agg	baseline	post_y1	1	4	-0.10415706729680568	1.3480448161404405e-14	32	0.978766511052472	bin_q1,bin_q2,bin_q3,bin_q4
TWFE	privatization	haifa_priv	Haifa-Aggregate	haifa_port_agg	baseline	post_y2	5	8	-0.46921402694426395	0.08065542266593628	32	0.978766511052472	bin_y2_q5_8
TWFE	privatization	haifa_priv	Haifa-Aggregate	haifa_port_agg	baseline	post_y3	9	12	0.0	0.0	32	0.978766511052472	bin_y3_q9_12
TWFE	privatization	haifa_priv	Haifa-Aggregate	haifa_port_agg	baseline	post_y1_2	1	8	-0.28668554712053484	0.040327711332968155	32	0.978766511052472	bin_q1,bin_q2,bin_q3,bin_q4,bin_y2_q5_8
TWFE	privatization	haifa_priv	Haifa-Aggregate	haifa_port_agg	baseline	full_post	1	40	-0.05733710942410697	0.008065542266593633	32	0.978766511052472	bin_q1,bin_q2,bin_q3,bin_q4,bin_y2_q5_8,bin_y3_q9_12,bin_y4p_q13_40
TWFE	privatization	haifa_priv	Haifa-Aggregate	haifa_port_agg	porttr	avg_pre	-4	-2	-0.17561924500236503	0.06559951686644157	32	0.7104134149508838	bin_pre_4_2
TWFE	privatization	haifa_priv	Haifa-Aggregate	haifa_port_agg	porttr	post_y1	1	4	-0.13314418291356825	0.08466009897855367	32	0.7104134149508838	bin_q1,bin_q2,bin_q3,bin_q4
TWFE	privatization	haifa_priv	Haifa-Aggregate	haifa_port_agg	porttr	post_y2	5	8	-0.1783835386001975	0.1864708435458285	32	0.7104134149508838	bin_y2_q5_8
TWFE	privatization	haifa_priv	Haifa-Aggregate	haifa_port_agg	porttr	post_y3	9	12	0.0	0.0	32	0.7104134149508838	bin_y3_q9_12
TWFE	privatization	haifa_priv	Haifa-Aggregate	haifa_port_agg	porttr	post_y1_2	1	8	-0.15576386075688287	0.13462766417585972	32	0.7104134149508838	bin_q1,bin_q2,bin_q3,bin_q4,bin_y2_q5_8
TWFE	privatization	haifa_priv	Haifa-Aggregate	haifa_port_agg	porttr	full_post	1	40	-0.03115277215137658	0.026925532835171944	32	0.7104134149508838	bin_q1,bin_q2,bin_q3,bin_q4,bin_y2_q5_8,bin_y3_q9_12,bin_y4p_q13_40
TWFE	privatization_diag	haifa_priv	Haifa-Legacy	haifa_legacy	baseline	avg_pre	-4	-2	-1.0696374255617587	0.3856654722267288	28	0.8970271780336675	bin_pre_4_2
TWFE	privatization_diag	haifa_priv	Haifa-Legacy	haifa_legacy	baseline	post_y1	1	4	-0.9223056508903713	5.1678236836458484e-14	28	0.8970271780336675	bin_q1,bin_q2,bin_q3,bin_q4
TWFE	privatization_diag	haifa_priv	Haifa-Legacy	haifa_legacy	baseline	post_y2	5	8	-1.1939061398911768	0.15083755136449226	28	0.8970271780336675	bin_y2_q5_8
TWFE	privatization_diag	haifa_priv	Haifa-Legacy	haifa_legacy	baseline	post_y3	9	12	0.0	0.0	28	0.8970271780336675	bin_y3_q9_12
TWFE	privatization_diag	haifa_priv	Haifa-Legacy	haifa_legacy	baseline	post_y1_2	1	8	-1.058105895390774	0.07541877568224613	28	0.8970271780336675	bin_q1,bin_q2,bin_q3,bin_q4,bin_y2_q5_8
TWFE	privatization_diag	haifa_priv	Haifa-Legacy	haifa_legacy	baseline	full_post	1	40	-0.2116211790781548	0.015083755136449228	28	0.8970271780336675	bin_q1,bin_q2,bin_q3,bin_q4,bin_y2_q5_8,bin_y3_q9_12,bin_y4p_q13_40
TWFE	privatization_diag	haifa_priv	Haifa-Legacy	haifa_legacy	porttr	avg_pre	-4	-2	-0.7215335858031873	0.10955193172938364	28	0.8349536799473694	bin_pre_4_2
TWFE	privatization_diag	haifa_priv	Haifa-Legacy	haifa_legacy	porttr	post_y1	1	4	-0.7172703411819122	0.044019798595837864	28	0.8349536799473694	bin_q1,bin_q2,bin_q3,bin_q4
TWFE	privatization_diag	haifa_priv	Haifa-Legacy	haifa_legacy	porttr	post_y2	5	8	-0.9143556699817796	0.13404137213154654	28	0.8349536799473694	bin_y2_q5_8
TWFE	privatization_diag	haifa_priv	Haifa-Legacy	haifa_legacy	porttr	post_y3	9	12	0.0	0.0	28	0.8349536799473694	bin_y3_q9_12
TWFE	privatization_diag	haifa_priv	Haifa-Legacy	haifa_legacy	porttr	post_y1_2	1	8	-0.815813005581846	0.08358042905917626	28	0.8349536799473694	bin_q1,bin_q2,bin_q3,bin_q4,bin_y2_q5_8
TWFE	privatization_diag	haifa_priv	Haifa-Legacy	haifa_legacy	porttr	full_post	1	40	-0.16316260111636918	0.016716085811835254	28	0.8349536799473694	bin_q1,bin_q2,bin_q3,bin_q4,bin_y2_q5_8,bin_y3_q9_12,bin_y4p_q13_40
TWFE	privatization_diag	haifa_priv	Haifa-Bayport	haifa_bayport_placebo	baseline	avg_pre	-4	-2	1.069637425561756	0.3856654722267279	28	0.8970271780336675	bin_pre_4_2
TWFE	privatization_diag	haifa_priv	Haifa-Bayport	haifa_bayport_placebo	baseline	post_y1	1	4	0.9223056508903721	1.3207083986286842e-14	28	0.8970271780336675	bin_q1,bin_q2,bin_q3,bin_q4
TWFE	privatization_diag	haifa_priv	Haifa-Bayport	haifa_bayport_placebo	baseline	post_y2	5	8	1.1939061398911768	0.15083755136449248	28	0.8970271780336675	bin_y2_q5_8
TWFE	privatization_diag	haifa_priv	Haifa-Bayport	haifa_bayport_placebo	baseline	post_y3	9	12	0.0	0.0	28	0.8970271780336675	bin_y3_q9_12
TWFE	privatization_diag	haifa_priv	Haifa-Bayport	haifa_bayport_placebo	baseline	post_y1_2	1	8	1.0581058953907745	0.07541877568224625	28	0.8970271780336675	bin_q1,bin_q2,bin_q3,bin_q4,bin_y2_q5_8
TWFE	privatization_diag	haifa_priv	Haifa-Bayport	haifa_bayport_placebo	baseline	full_post	1	40	0.21162117907815492	0.015083755136449252	28	0.8970271780336675	bin_q1,bin_q2,bin_q3,bin_q4,bin_y2_q5_8,bin_y3_q9_12,bin_y4p_q13_40
TWFE	privatization_diag	haifa_priv	Haifa-Bayport	haifa_bayport_placebo	porttr	avg_pre	-4	-2	0.2953329272448584	0.1789727764436928	28	0.10552686890983587	bin_pre_4_2
TWFE	privatization_diag	haifa_priv	Haifa-Bayport	haifa_bayport_placebo	porttr	post_y1	1	4	0.29738440660746057	0.0728464675933392	28	0.10552686890983587	bin_q1,bin_q2,bin_q3,bin_q4
TWFE	privatization_diag	haifa_priv	Haifa-Bayport	haifa_bayport_placebo	porttr	post_y2	5	8	0.4642486637073979	0.14963515201239153	28	0.10552686890983587	bin_y2_q5_8
TWFE	privatization_diag	haifa_priv	Haifa-Bayport	haifa_bayport_placebo	porttr	post_y3	9	12	0.0	0.0	28	0.10552686890983587	bin_y3_q9_12
TWFE	privatization_diag	haifa_priv	Haifa-Bayport	haifa_bayport_placebo	porttr	post_y1_2	1	8	0.38081653515742925	0.11064523219581755	28	0.10552686890983587	bin_q1,bin_q2,bin_q3,bin_q4,bin_y2_q5_8
TWFE	privatization_diag	haifa_priv	Haifa-Bayport	haifa_bayport_placebo	porttr	full_post	1	40	0.07616330703148586	0.02212904643916351	28	0.10552686890983587	bin_q1,bin_q2,bin_q3,bin_q4,bin_y2_q5_8,bin_y3_q9_12,bin_y4p_q13_40
