table_group	reform	reform_order	binned_variant	row_key	row_label	row_order	row_type	series_id	series_display	spec_name	spec_display	column_key	column_label	column_order	supported_full_window	beta	se	pvalue	n_obs	r2	a_used	b_used	n_months_used	value_display
main_detailed	competition	1	detailed	avg_pre	Average pre, months -12 to -2	1	estimate	Haifa_Legacy_KL	Haifa-Legacy	baseline	Baseline	Haifa_Legacy_KL__baseline	Haifa-Legacy — Baseline	1	1	0.02163475779266307	0.017329791341138698	0.21187940724753251	37	0.5341517611203004	-12.0	-2.0	11.0	0.022 (0.017)
main_detailed	competition	1	detailed	avg_pre	Average pre, months -12 to -2	1	estimate	Haifa_Legacy_KL	Haifa-Legacy	ctrl_trend	Controls+Trend	Haifa_Legacy_KL__ctrl_trend	Haifa-Legacy — Controls+Trend	2	1	-0.3540615722417073	0.57181323912906	0.5357905851765308	37	0.5445816259437768	-12.0	-2.0	11.0	-0.354 (0.572)
main_detailed	competition	1	detailed	avg_pre	Average pre, months -12 to -2	1	estimate	Haifa_port_KL	Aggregate port	baseline	Baseline	Haifa_port_KL__baseline	Aggregate port — Baseline	3	1	0.03484245075366932	0.015570012944100464	0.025234620902542915	37	0.4478680173049986	-12.0	-2.0	11.0	0.035** (0.016)
main_detailed	competition	1	detailed	avg_pre	Average pre, months -12 to -2	1	estimate	Haifa_port_KL	Aggregate port	ctrl_trend	Controls+Trend	Haifa_port_KL__ctrl_trend	Aggregate port — Controls+Trend	4	1	-0.059599336877631484	0.1334331797857939	0.6551201730013629	37	0.5047644405201261	-12.0	-2.0	11.0	-0.060 (0.133)
main_detailed	competition	1	detailed	post_1_6	Average post, months 1-6	2	estimate	Haifa_Legacy_KL	Haifa-Legacy	baseline	Baseline	Haifa_Legacy_KL__baseline	Haifa-Legacy — Baseline	1	1	-0.09217030757943956	0.040580315919824035	0.023128471378885518	37	0.5341517611203004	1.0	6.0	6.0	-0.092** (0.041)
main_detailed	competition	1	detailed	post_1_6	Average post, months 1-6	2	estimate	Haifa_Legacy_KL	Haifa-Legacy	ctrl_trend	Controls+Trend	Haifa_Legacy_KL__ctrl_trend	Haifa-Legacy — Controls+Trend	2	1	0.19787295412953032	0.28508985215740285	0.4876369024937999	37	0.5445816259437768	1.0	6.0	6.0	0.198 (0.285)
main_detailed	competition	1	detailed	post_1_6	Average post, months 1-6	2	estimate	Haifa_port_KL	Aggregate port	baseline	Baseline	Haifa_port_KL__baseline	Aggregate port — Baseline	3	1	-0.06578569098807652	0.03260547059899164	0.04363008065794438	37	0.4478680173049986	1.0	6.0	6.0	-0.066** (0.033)
main_detailed	competition	1	detailed	post_1_6	Average post, months 1-6	2	estimate	Haifa_port_KL	Aggregate port	ctrl_trend	Controls+Trend	Haifa_port_KL__ctrl_trend	Aggregate port — Controls+Trend	4	1	0.06247528089430876	0.06708504656523011	0.3517062877640549	37	0.5047644405201261	1.0	6.0	6.0	0.062 (0.067)
main_detailed	competition	1	detailed	post_7_12	Average post, months 7-12	3	estimate	Haifa_Legacy_KL	Haifa-Legacy	baseline	Baseline	Haifa_Legacy_KL__baseline	Haifa-Legacy — Baseline	1	1	0.30958752423281677	0.11851948337133866	0.00899817501324307	37	0.5341517611203004	7.0	12.0	6.0	0.310*** (0.119)
main_detailed	competition	1	detailed	post_7_12	Average post, months 7-12	3	estimate	Haifa_Legacy_KL	Haifa-Legacy	ctrl_trend	Controls+Trend	Haifa_Legacy_KL__ctrl_trend	Haifa-Legacy — Controls+Trend	2	1	0.9835981301593575	0.7116652465776819	0.166938585804163	37	0.5445816259437768	7.0	12.0	6.0	0.984 (0.712)
main_detailed	competition	1	detailed	post_7_12	Average post, months 7-12	3	estimate	Haifa_port_KL	Aggregate port	baseline	Baseline	Haifa_port_KL__baseline	Aggregate port — Baseline	3	1	0.038637888482353056	0.046314261582530165	0.4041374963275637	37	0.4478680173049986	7.0	12.0	6.0	0.039 (0.046)
main_detailed	competition	1	detailed	post_7_12	Average post, months 7-12	3	estimate	Haifa_port_KL	Aggregate port	ctrl_trend	Controls+Trend	Haifa_port_KL__ctrl_trend	Aggregate port — Controls+Trend	4	1	0.3187702791549618	0.17260090815298	0.06476695796440257	37	0.5047644405201261	7.0	12.0	6.0	0.319* (0.173)
main_detailed	competition	1	detailed	post_13_tail	Average post, months 13-24	4	estimate	Haifa_Legacy_KL	Haifa-Legacy	baseline	Baseline	Haifa_Legacy_KL__baseline	Haifa-Legacy — Baseline	1	1	1.6587405044545913	0.14663107852798887	0.0	37	0.5341517611203004	13.0	24.0	12.0	1.659*** (0.147)
main_detailed	competition	1	detailed	post_13_tail	Average post, months 13-24	4	estimate	Haifa_Legacy_KL	Haifa-Legacy	ctrl_trend	Controls+Trend	Haifa_Legacy_KL__ctrl_trend	Haifa-Legacy — Controls+Trend	2	1	2.6145233579069043	1.2107244692105414	0.030813710268700722	37	0.5445816259437768	13.0	24.0	12.0	2.615** (1.211)
main_detailed	competition	1	detailed	post_13_tail	Average post, months 13-24	4	estimate	Haifa_port_KL	Aggregate port	baseline	Baseline	Haifa_port_KL__baseline	Aggregate port — Baseline	3	1	0.34112305752164174	0.014845674605048301	0.0	37	0.4478680173049986	13.0	24.0	12.0	0.341*** (0.015)
main_detailed	competition	1	detailed	post_13_tail	Average post, months 13-24	4	estimate	Haifa_port_KL	Aggregate port	ctrl_trend	Controls+Trend	Haifa_port_KL__ctrl_trend	Aggregate port — Controls+Trend	4	1	0.6920867889177196	0.2715326680047235	0.010808933498175799	37	0.5047644405201261	13.0	24.0	12.0	0.692** (0.272)
main_detailed	competition	1	detailed	post_full	Average full post, months 1-24	5	estimate	Haifa_Legacy_KL	Haifa-Legacy	baseline	Baseline	Haifa_Legacy_KL__baseline	Haifa-Legacy — Baseline	1	1	0.88372455639064	0.079430968783633	0.0	37	0.5341517611203004	1.0	24.0	24.0	0.884*** (0.079)
main_detailed	competition	1	detailed	post_full	Average full post, months 1-24	5	estimate	Haifa_Legacy_KL	Haifa-Legacy	ctrl_trend	Controls+Trend	Haifa_Legacy_KL__ctrl_trend	Haifa-Legacy — Controls+Trend	2	1	1.6026294500256741	0.849303329317467	0.059161265155383	37	0.5445816259437768	1.0	24.0	24.0	1.603* (0.849)
main_detailed	competition	1	detailed	post_full	Average full post, months 1-24	5	estimate	Haifa_port_KL	Aggregate port	baseline	Baseline	Haifa_port_KL__baseline	Aggregate port — Baseline	3	1	0.16377457813439	0.017859168753203567	0.0	37	0.4478680173049986	1.0	24.0	24.0	0.164*** (0.018)
main_detailed	competition	1	detailed	post_full	Average full post, months 1-24	5	estimate	Haifa_port_KL	Aggregate port	ctrl_trend	Controls+Trend	Haifa_port_KL__ctrl_trend	Aggregate port — Controls+Trend	4	1	0.44135478447117743	0.1934242010081846	0.022501321005265584	37	0.5047644405201261	1.0	24.0	24.0	0.441** (0.193)
main_detailed	competition	1	detailed	pretrend_p	Pretrend test p-value	6	scalar	Haifa_Legacy_KL	Haifa-Legacy	baseline	Baseline	Haifa_Legacy_KL__baseline	Haifa-Legacy — Baseline	1	1			7.297496413017154e-07	37	0.5341517611203004			2.0	0.000
main_detailed	competition	1	detailed	pretrend_p	Pretrend test p-value	6	scalar	Haifa_Legacy_KL	Haifa-Legacy	ctrl_trend	Controls+Trend	Haifa_Legacy_KL__ctrl_trend	Haifa-Legacy — Controls+Trend	2	1			0.19870282746324205	37	0.5445816259437768			2.0	0.199
main_detailed	competition	1	detailed	pretrend_p	Pretrend test p-value	6	scalar	Haifa_port_KL	Aggregate port	baseline	Baseline	Haifa_port_KL__baseline	Aggregate port — Baseline	3	1			4.041445839302506e-06	37	0.4478680173049986			2.0	0.000
main_detailed	competition	1	detailed	pretrend_p	Pretrend test p-value	6	scalar	Haifa_port_KL	Aggregate port	ctrl_trend	Controls+Trend	Haifa_port_KL__ctrl_trend	Aggregate port — Controls+Trend	4	1			0.0022615888236581284	37	0.5047644405201261			2.0	0.002
main_detailed	competition	1	detailed	n_obs	Observations	7	scalar	Haifa_Legacy_KL	Haifa-Legacy	baseline	Baseline	Haifa_Legacy_KL__baseline	Haifa-Legacy — Baseline	1	1				37	0.5341517611203004				37
main_detailed	competition	1	detailed	n_obs	Observations	7	scalar	Haifa_Legacy_KL	Haifa-Legacy	ctrl_trend	Controls+Trend	Haifa_Legacy_KL__ctrl_trend	Haifa-Legacy — Controls+Trend	2	1				37	0.5445816259437768				37
main_detailed	competition	1	detailed	n_obs	Observations	7	scalar	Haifa_port_KL	Aggregate port	baseline	Baseline	Haifa_port_KL__baseline	Aggregate port — Baseline	3	1				37	0.4478680173049986				37
main_detailed	competition	1	detailed	n_obs	Observations	7	scalar	Haifa_port_KL	Aggregate port	ctrl_trend	Controls+Trend	Haifa_port_KL__ctrl_trend	Aggregate port — Controls+Trend	4	1				37	0.5047644405201261				37
main_detailed	competition	1	detailed	r2	R-squared	8	scalar	Haifa_Legacy_KL	Haifa-Legacy	baseline	Baseline	Haifa_Legacy_KL__baseline	Haifa-Legacy — Baseline	1	1				37	0.5341517611203004				0.534
main_detailed	competition	1	detailed	r2	R-squared	8	scalar	Haifa_Legacy_KL	Haifa-Legacy	ctrl_trend	Controls+Trend	Haifa_Legacy_KL__ctrl_trend	Haifa-Legacy — Controls+Trend	2	1				37	0.5445816259437768				0.545
main_detailed	competition	1	detailed	r2	R-squared	8	scalar	Haifa_port_KL	Aggregate port	baseline	Baseline	Haifa_port_KL__baseline	Aggregate port — Baseline	3	1				37	0.4478680173049986				0.448
main_detailed	competition	1	detailed	r2	R-squared	8	scalar	Haifa_port_KL	Aggregate port	ctrl_trend	Controls+Trend	Haifa_port_KL__ctrl_trend	Aggregate port — Controls+Trend	4	1				37	0.5047644405201261				0.505
main_detailed	privatization	2	detailed	avg_pre	Average pre, months -12 to -2	1	estimate	Haifa_Legacy_KL	Haifa-Legacy	baseline	Baseline	Haifa_Legacy_KL__baseline	Haifa-Legacy — Baseline	1	1	-0.9270640684908067	0.14008791177020716	3.647548929563982e-11	36	0.41666428856793014	-12.0	-2.0	11.0	-0.927*** (0.140)
main_detailed	privatization	2	detailed	avg_pre	Average pre, months -12 to -2	1	estimate	Haifa_Legacy_KL	Haifa-Legacy	ctrl_trend	Controls+Trend	Haifa_Legacy_KL__ctrl_trend	Haifa-Legacy — Controls+Trend	2	1	-1.2880727708640913	0.2276726448734277	1.535357396775794e-08	36	0.46010742497130364	-12.0	-2.0	11.0	-1.288*** (0.228)
main_detailed	privatization	2	detailed	avg_pre	Average pre, months -12 to -2	1	estimate	Haifa_port_KL	Aggregate port	baseline	Baseline	Haifa_port_KL__baseline	Aggregate port — Baseline	3	1	-0.16166828524163404	0.021815960648551975	1.2567724638756772e-13	36	0.41800816770669413	-12.0	-2.0	11.0	-0.162*** (0.022)
main_detailed	privatization	2	detailed	avg_pre	Average pre, months -12 to -2	1	estimate	Haifa_port_KL	Aggregate port	ctrl_trend	Controls+Trend	Haifa_port_KL__ctrl_trend	Aggregate port — Controls+Trend	4	1	-0.2473189903950634	0.058441715147061674	2.317343249291781e-05	36	0.4691687136142112	-12.0	-2.0	11.0	-0.247*** (0.058)
main_detailed	privatization	2	detailed	post_1_6	Average post, months 1-6	2	estimate	Haifa_Legacy_KL	Haifa-Legacy	baseline	Baseline	Haifa_Legacy_KL__baseline	Haifa-Legacy — Baseline	1	1	-0.35083805885746244	0.4542486573651193	0.43990832135737623	36	0.41666428856793014	1.0	6.0	6.0	-0.351 (0.454)
main_detailed	privatization	2	detailed	post_1_6	Average post, months 1-6	2	estimate	Haifa_Legacy_KL	Haifa-Legacy	ctrl_trend	Controls+Trend	Haifa_Legacy_KL__ctrl_trend	Haifa-Legacy — Controls+Trend	2	1	0.05996494729145274	0.47688589441280294	0.899935555009743	36	0.46010742497130364	1.0	6.0	6.0	0.060 (0.477)
main_detailed	privatization	2	detailed	post_1_6	Average post, months 1-6	2	estimate	Haifa_port_KL	Aggregate port	baseline	Baseline	Haifa_port_KL__baseline	Aggregate port — Baseline	3	1	-0.21928346973110724	0.08236758683875973	0.007761919222840641	36	0.41800816770669413	1.0	6.0	6.0	-0.219*** (0.082)
main_detailed	privatization	2	detailed	post_1_6	Average post, months 1-6	2	estimate	Haifa_port_KL	Aggregate port	ctrl_trend	Controls+Trend	Haifa_port_KL__ctrl_trend	Aggregate port — Controls+Trend	4	1	-0.12181887421168103	0.09985510794280679	0.22248141790978515	36	0.4691687136142112	1.0	6.0	6.0	-0.122 (0.100)
main_detailed	privatization	2	detailed	post_7_12	Average post, months 7-12	3	estimate	Haifa_Legacy_KL	Haifa-Legacy	baseline	Baseline	Haifa_Legacy_KL__baseline	Haifa-Legacy — Baseline	1	1	-1.5046081599478427	0.07165571613423118	0.0	36	0.41666428856793014	7.0	12.0	6.0	-1.505*** (0.072)
main_detailed	privatization	2	detailed	post_7_12	Average post, months 7-12	3	estimate	Haifa_Legacy_KL	Haifa-Legacy	ctrl_trend	Controls+Trend	Haifa_Legacy_KL__ctrl_trend	Haifa-Legacy — Controls+Trend	2	1	-0.5570690061434092	0.38284258871031557	0.14564537124268728	36	0.46010742497130364	7.0	12.0	6.0	-0.557 (0.383)
main_detailed	privatization	2	detailed	post_7_12	Average post, months 7-12	3	estimate	Haifa_port_KL	Aggregate port	baseline	Baseline	Haifa_port_KL__baseline	Aggregate port — Baseline	3	1	-0.3027146717313194	0.07286231293648217	3.2583935709151746e-05	36	0.41800816770669413	7.0	12.0	6.0	-0.303*** (0.073)
main_detailed	privatization	2	detailed	post_7_12	Average post, months 7-12	3	estimate	Haifa_port_KL	Aggregate port	ctrl_trend	Controls+Trend	Haifa_port_KL__ctrl_trend	Aggregate port — Controls+Trend	4	1	-0.16725553245861358	0.10254110194955675	0.10286769601067802	36	0.4691687136142112	7.0	12.0	6.0	-0.167 (0.103)
main_detailed	privatization	2	detailed	post_13_tail	Average post, months 13-23	4	estimate	Haifa_Legacy_KL	Haifa-Legacy	baseline	Baseline	Haifa_Legacy_KL__baseline	Haifa-Legacy — Baseline	1	1	-1.3303072887823886	0.15208714894546357	0.0	36	0.41666428856793014	13.0	23.0	11.0	-1.330*** (0.152)
main_detailed	privatization	2	detailed	post_13_tail	Average post, months 13-23	4	estimate	Haifa_Legacy_KL	Haifa-Legacy	ctrl_trend	Controls+Trend	Haifa_Legacy_KL__ctrl_trend	Haifa-Legacy — Controls+Trend	2	1	0.3876925019207018	0.7827577656894482	0.6203950607244195	36	0.46010742497130364	13.0	23.0	11.0	0.388 (0.783)
main_detailed	privatization	2	detailed	post_13_tail	Average post, months 13-23	4	estimate	Haifa_port_KL	Aggregate port	baseline	Baseline	Haifa_port_KL__baseline	Aggregate port — Baseline	3	1	-0.1219784686705232	0.05930492869645947	0.039705319903660996	36	0.41800816770669413	13.0	23.0	11.0	-0.122** (0.059)
main_detailed	privatization	2	detailed	post_13_tail	Average post, months 13-23	4	estimate	Haifa_port_KL	Aggregate port	ctrl_trend	Controls+Trend	Haifa_port_KL__ctrl_trend	Aggregate port — Controls+Trend	4	1	0.15160133700256795	0.20963968832472302	0.469586571971059	36	0.4691687136142112	13.0	23.0	11.0	0.152 (0.210)
main_detailed	privatization	2	detailed	post_full	Average full post, months 1-23	5	estimate	Haifa_Legacy_KL	Haifa-Legacy	baseline	Baseline	Haifa_Legacy_KL__baseline	Haifa-Legacy — Baseline	1	1	-1.1202633691060044	0.1493903880546198	6.439293542825908e-14	36	0.41666428856793014	1.0	23.0	23.0	-1.120*** (0.149)
main_detailed	privatization	2	detailed	post_full	Average full post, months 1-23	5	estimate	Haifa_Legacy_KL	Haifa-Legacy	ctrl_trend	Controls+Trend	Haifa_Legacy_KL__ctrl_trend	Haifa-Legacy — Controls+Trend	2	1	0.055738833391999205	0.5435633541936774	0.9183253677175773	36	0.46010742497130364	1.0	23.0	23.0	0.056 (0.544)
main_detailed	privatization	2	detailed	post_full	Average full post, months 1-23	5	estimate	Haifa_port_KL	Aggregate port	baseline	Baseline	Haifa_port_KL__baseline	Aggregate port — Baseline	3	1	-0.1945109567021876	0.04954673862660473	8.643927526108541e-05	36	0.41800816770669413	1.0	23.0	23.0	-0.195*** (0.050)
main_detailed	privatization	2	detailed	post_full	Average full post, months 1-23	5	estimate	Haifa_port_KL	Aggregate port	ctrl_trend	Controls+Trend	Haifa_port_KL__ctrl_trend	Aggregate port — Controls+Trend	4	1	-0.002905727521457402	0.140841581972465	0.9835398705878298	36	0.4691687136142112	1.0	23.0	23.0	-0.003 (0.141)
main_detailed	privatization	2	detailed	pretrend_p	Pretrend test p-value	6	scalar	Haifa_Legacy_KL	Haifa-Legacy	baseline	Baseline	Haifa_Legacy_KL__baseline	Haifa-Legacy — Baseline	1	1			9.849163343547036e-10	36	0.41666428856793014			2.0	0.000
main_detailed	privatization	2	detailed	pretrend_p	Pretrend test p-value	6	scalar	Haifa_Legacy_KL	Haifa-Legacy	ctrl_trend	Controls+Trend	Haifa_Legacy_KL__ctrl_trend	Haifa-Legacy — Controls+Trend	2	1			2.638118574379305e-05	36	0.46010742497130364			2.0	0.000
main_detailed	privatization	2	detailed	pretrend_p	Pretrend test p-value	6	scalar	Haifa_port_KL	Aggregate port	baseline	Baseline	Haifa_port_KL__baseline	Aggregate port — Baseline	3	1			2.3653355525147534e-09	36	0.41800816770669413			2.0	0.000
main_detailed	privatization	2	detailed	pretrend_p	Pretrend test p-value	6	scalar	Haifa_port_KL	Aggregate port	ctrl_trend	Controls+Trend	Haifa_port_KL__ctrl_trend	Aggregate port — Controls+Trend	4	1			0.0008035946235809151	36	0.4691687136142112			2.0	0.001
main_detailed	privatization	2	detailed	n_obs	Observations	7	scalar	Haifa_Legacy_KL	Haifa-Legacy	baseline	Baseline	Haifa_Legacy_KL__baseline	Haifa-Legacy — Baseline	1	1				36	0.41666428856793014				36
main_detailed	privatization	2	detailed	n_obs	Observations	7	scalar	Haifa_Legacy_KL	Haifa-Legacy	ctrl_trend	Controls+Trend	Haifa_Legacy_KL__ctrl_trend	Haifa-Legacy — Controls+Trend	2	1				36	0.46010742497130364				36
main_detailed	privatization	2	detailed	n_obs	Observations	7	scalar	Haifa_port_KL	Aggregate port	baseline	Baseline	Haifa_port_KL__baseline	Aggregate port — Baseline	3	1				36	0.41800816770669413				36
main_detailed	privatization	2	detailed	n_obs	Observations	7	scalar	Haifa_port_KL	Aggregate port	ctrl_trend	Controls+Trend	Haifa_port_KL__ctrl_trend	Aggregate port — Controls+Trend	4	1				36	0.4691687136142112				36
main_detailed	privatization	2	detailed	r2	R-squared	8	scalar	Haifa_Legacy_KL	Haifa-Legacy	baseline	Baseline	Haifa_Legacy_KL__baseline	Haifa-Legacy — Baseline	1	1				36	0.41666428856793014				0.417
main_detailed	privatization	2	detailed	r2	R-squared	8	scalar	Haifa_Legacy_KL	Haifa-Legacy	ctrl_trend	Controls+Trend	Haifa_Legacy_KL__ctrl_trend	Haifa-Legacy — Controls+Trend	2	1				36	0.46010742497130364				0.460
main_detailed	privatization	2	detailed	r2	R-squared	8	scalar	Haifa_port_KL	Aggregate port	baseline	Baseline	Haifa_port_KL__baseline	Aggregate port — Baseline	3	1				36	0.41800816770669413				0.418
main_detailed	privatization	2	detailed	r2	R-squared	8	scalar	Haifa_port_KL	Aggregate port	ctrl_trend	Controls+Trend	Haifa_port_KL__ctrl_trend	Aggregate port — Controls+Trend	4	1				36	0.4691687136142112				0.469
